<?xml version="1.0" encoding="UTF-8"?>
<metadata>
	<idinfo>
		<citation>
			<citeinfo>
				<origin>Carson MacPherson-Krutsky</origin>
				<pubdate>20160117</pubdate>
				<title>Distance Buffers around Quaternary Faults in Missoula County, MT (1-5 miles)</title>
				<onlink>https://github.com/missoula-ready/disaster-preparedness</onlink>
				<lworkcit>
					<citeinfo>
						<origin>Carson MacPherson-Krutsky</origin>
						<origin>Rebecca Bendick (advisor)</origin>
						<pubdate>20160418</pubdate>
						<title>HazardReady: a geographically based natural hazard education and preparedness web application</title>
						<geoform>Website</geoform>
						<pubinfo>
							<pubplace>Missoula</pubplace>
							<publish>University of Montana</publish>
						</pubinfo>
						<onlink>hazardready.org</onlink>
					</citeinfo>
				</lworkcit>
			</citeinfo>
		</citation>
		<descript>
			<abstract>This shapefile was created for MissoulaReady. The goal of this shapefile was to create buffers around active faults to give Missoula County residents an idea of where the active faults are associated with where they live. 1-mile distances up to 5 miles are included.nce they would not have been felt.</abstract>
			<purpose>The shapefile was developed from quaternary fault data served by the USGS. The use is to show proximity to local faults for Missoula County.</purpose>
		</descript>
		<timeperd>
			<timeinfo>
				<sngdate>
					<caldate>20160117</caldate>
				</sngdate>
			</timeinfo>
			<current>publication date</current>
		</timeperd>
		<status>
			<progress>Complete</progress>
			<update>None planned</update>
		</status>
		<keywords>
			<theme>
				<themekt>None</themekt>
				<themekey>Faults</themekey>
				<themekey>Fault</themekey>
				<themekey>Earthquake</themekey>
				<themekey>USGS</themekey>
			</theme>
			<place>
				<placekt>None</placekt>
				<placekey>Missoula</placekey>
				<placekey>Montana</placekey>
			</place>
		</keywords>
		<accconst>None. Please see 'Distribution Info' for details.</accconst>
		<useconst>None. Users are advised to read the data set's metadata thoroughly to understand appropriate use and data limitations.</useconst>
		<ptcontac>
			<cntinfo>
				<cntorgp>
					<cntorg>University of Montana</cntorg>
					<cntper>Carson MacPherson-Krutsky</cntper>
				</cntorgp>
				<cntpos>Graduate Student</cntpos>
				<cntaddr>
					<addrtype>Mailing</addrtype>
					<address>32 Campus Drive</address>
					<city>Missoula</city>
					<state>MT</state>
					<postal>59812</postal>
					<country>USA</country>
				</cntaddr>
				<cntvoice>206-832-7590</cntvoice>
				<cntemail>carsonmk@gmail.com</cntemail>
			</cntinfo>
		</ptcontac>
		<datacred>Kathleen Haller, USGS Quaternary Faults Database</datacred>
		<native>Environment as of Metadata Creation: Microsoft Windows 7 Version 6.1 (Build 7601) Service Pack 1; Esri ArcGIS 10.3 (Build 4322) Service Pack N/A (Build N/A)</native>
	</idinfo>
	<dataqual>
		<attracc>
			<attraccr>No formal attribute accuracy tests were conducted.</attraccr>
		</attracc>
		<logic>No formal logical accuracy tests were conducted.</logic>
		<complete>Data set is considered complete for the information presented, as described in the abstract. Users are advised to read the rest of the metadata record carefully for additional details.</complete>
		<posacc>
			<horizpa>
				<horizpar>A formal accuracy assessment of the horizontal positional information in the data set has not been conducted.</horizpar>
			</horizpa>
			<vertacc>
				<vertaccr>A formal accuracy assessment of the vertical positional information in the data set has either not been conducted, or is not applicable.</vertaccr>
			</vertacc>
		</posacc>
		<lineage>
			<srcinfo>
				<srccite>
					<citeinfo>
						<origin>Kathleen M Haller - USGS</origin>
						<pubdate>20140717</pubdate>
						<title>USGS Quaternary Faults</title>
						<geoform>Vector Digital Data Set</geoform>
						<pubinfo>
							<pubplace>Reston, VA</pubplace>
							<publish>US Geological Survey</publish>
						</pubinfo>
						<onlink>http://earthquake.usgs.gov/hazards/qfaults/qfaults.zip</onlink>
					</citeinfo>
				</srccite>
				<typesrc>Digital and/or Hardcopy Resources</typesrc>
				<srctime>
					<timeinfo>
						<sngdate>
							<caldate>20140717</caldate>
						</sngdate>
					</timeinfo>
					<srccurr>publication date</srccurr>
				</srctime>
				<srccitea>Qfaults</srccitea>
				<srccontr>Source information used in support of the development of the data set.</srccontr>
			</srcinfo>
			<procstep>
				<procdesc>1)  The quaternary faults vector line data form USGS were imported in ArcGIS. These spanned the contiguous U.S. so the faults that were nearby or in Missoula County were highlighted and extracted from the data set to form a new shapefile. 
2)  The Buffer tool was run at 1,2,3,4, and 5 miles with the extracted faults. With method set to “geodesic” and dissolve set to “none.” 
3)  In order to create buffers that were only representing 1-mile distances we used the Symmetrical Difference tool with each smaller buffer “cutting out” the inside of the larger one. For example, the 5-mile buffer was the input feature and the updating feature was the 4-mile buffer to create an output that only represented locations between 4 and 5 miles from the faults instead of 0 to 5 miles. This was done for all buffers except the 1mile buffer. This resulted in 5 separate shapefiles.
4)  Fault name attributes were saved and a new field was added called buffer distance. This was populated with the miles from fault. 
5) The 5 buffer shapefiles were then merged and attribute table was simplified so columns had only names of faults and buffer distances. This was clipped using the Missoula_County_bound shapefile.
6) The Symmetrical Difference tool was then used. The Missoula_County_bound shapefile was the input feature and the merged buffer shapefile was the updating feature. The output was then merged with the merged buffer shapefile to create a shapefile that had 1-mile buffers surrounding the faults (each separate polygons) and a polygon that represents areas further than 5 miles from the nearest active faults.</procdesc>
				<procdate>20160117</procdate>
			</procstep>
		</lineage>
	</dataqual>
	<distinfo>
		<distrib>
			<cntinfo>
				<cntorgp>
					<cntorg>University of Montana</cntorg>
					<cntper>Carson MacPherson-Krutsky</cntper>
				</cntorgp>
				<cntpos>Graduate Student</cntpos>
				<cntaddr>
					<addrtype>Mailing</addrtype>
					<address>32 Campus Drive</address>
					<city>Missoula</city>
					<state>MT</state>
					<postal>59812</postal>
					<country>USA</country>
				</cntaddr>
				<cntvoice>206-832-7590</cntvoice>
				<cntemail>carsonmk@gmail.com</cntemail>
			</cntinfo>
		</distrib>
		<distliab>Distributor assumes no liability for misuse of data.</distliab>
		<stdorder>
			<digform>
				<digtopt>
					<onlinopt>
						<computer>
							<networka>
								<networkr>https://github.com/missoula-ready/disaster-preparedness</networkr>
							</networka>
						</computer>
					</onlinopt>
				</digtopt>
			</digform>
		</stdorder>
	</distinfo>
	<metainfo>
		<metd>20160720</metd>
		<metc>
			<cntinfo>
				<cntperp>
					<cntper>Carson MacPherson-Krutsky</cntper>
					<cntorg>University of Montana</cntorg>
				</cntperp>
				<cntpos>Graduate Student</cntpos>
				<cntaddr>
					<addrtype>Mailing</addrtype>
					<address>32 Campus Drive</address>
					<city>Missoula</city>
					<state>MT</state>
					<postal>59812</postal>
					<country>USA</country>
				</cntaddr>
				<cntvoice>206-832-7590</cntvoice>
				<cntemail>carsonmk@gmail.com</cntemail>
			</cntinfo>
		</metc>
		<metstdn>FGDC Content Standard for Digital Geospatial Metadata</metstdn>
		<metstdv>FGDC-STD-001-1998</metstdv>
	</metainfo>
	<Esri><DataProperties><itemProps><itemLocation><linkage Sync="TRUE">file://\\CARSONVM\C$\Users\Carson\Desktop\MissoulaReady\Metadata\EQ_Fault_Buffer_FGDC</linkage><protocol Sync="TRUE">Local Area Network</protocol></itemLocation></itemProps><copyHistory><copy source="C:\Users\Carson\Desktop\MissoulaReady\Metadata\EQ_Fault_Buffer\EQ_Fault_Buffer_FGDC" dest="\\CARSONVM\C$\Users\Carson\Desktop\MissoulaReady\Metadata\EQ_Fault_Buffer_FGDC" date="20160720" time="18004200"></copy></copyHistory></DataProperties></Esri></metadata>
