<?xml version="1.0" encoding="UTF-8"?>
<metadata>
	<idinfo>
		<citation>
			<citeinfo>
				<origin>Carson MacPherson-Krutsky</origin>
				<pubdate>20160502</pubdate>
				<title>Most Likely Earthquake Shaking for Missoula County based on distance from active faults 2016</title>
				<geoform>Vector Digital Data Set (Polygon)</geoform>
				<onlink>https://github.com/missoula-ready/disaster-preparedness</onlink>
				<lworkcit>
					<citeinfo>
						<origin>Carson MacPherson-Krutsky</origin>
						<origin>Rebecca Bendick (advisor)</origin>
						<pubdate>20160418</pubdate>
						<title>HazardReady: a geographically based natural hazard education and preparedness web application</title>
						<geoform>Website</geoform>
						<pubinfo>
							<pubplace>Missoula</pubplace>
							<publish>University of Montana</publish>
						</pubinfo>
						<onlink>hazardready.org</onlink>
					</citeinfo>
				</lworkcit>
			</citeinfo>
		</citation>
		<descript>
			<abstract>This shapefile was created for MissoulaReady to give Missoula County residents an idea of how much ground shaking they would feel in the event of a typical earthquake (magnitude 4-5). The data were created using another shapefile (Probabilistic ground shaking map: 1% exceedance in 50yrs) Montana as reference in making this shapefile, but wanted to better express county level shaking based on local faults.</abstract>
			<purpose>Appropriate use of the data is with the MissoulaReady online product. Please contact creator before use.</purpose>
		</descript>
		<timeperd>
			<timeinfo>
				<sngdate>
					<caldate>20160502</caldate>
				</sngdate>
			</timeinfo>
			<current>publication date</current>
		</timeperd>
		<status>
			<progress>Complete</progress>
			<update>As needed</update>
		</status>
		<spdom>
			<bounding>
				<westbc>-114.82942872</westbc>
				<eastbc>-113.267132765</eastbc>
				<northbc>47.621973095</northbc>
				<southbc>46.614173736</southbc>
			</bounding>
		</spdom>
		<keywords>
			<theme>
				<themekt>None</themekt>
				<themekey>Earthquake</themekey>
				<themekey>Mercalli Intensity</themekey>
			</theme>
			<place>
				<placekt>None</placekt>
				<placekey>Missoula</placekey>
				<placekey>Montana</placekey>
			</place>
		</keywords>
		<accconst>None. Please see 'Distribution Info' for details.</accconst>
		<useconst>Contact metadat creator before use.</useconst>
		<ptcontac>
			<cntinfo>
				<cntorgp>
					<cntorg>University of Montana</cntorg>
					<cntper>Carson MacPherson-Krutsky</cntper>
				</cntorgp>
				<cntpos>Graduate Student</cntpos>
				<cntaddr>
					<addrtype>Mailing</addrtype>
					<address>32 Campus Drive</address>
					<city>Missoula</city>
					<state>MT</state>
					<postal>59812</postal>
					<country>USA</country>
				</cntaddr>
				<cntvoice>206-832-7590</cntvoice>
				<cntemail>carsonmk@gmail.com</cntemail>
			</cntinfo>
		</ptcontac>
		<native>Environment as of Metadata Creation: Microsoft Windows 7 Version 6.1 (Build 7601) Service Pack 1; Esri ArcGIS 10.3 (Build 4322) Service Pack N/A (Build N/A)</native>
	</idinfo>
	<dataqual>
		<attracc>
			<attraccr>No formal attribute accuracy tests were conducted.</attraccr>
		</attracc>
		<logic>No formal logical accuracy tests were conducted.</logic>
		<complete>Data set is considered complete for the information presented, as described in the abstract. Users are advised to read the rest of the metadata record carefully for additional details.</complete>
		<posacc>
			<horizpa>
				<horizpar>A formal accuracy assessment of the horizontal positional information in the data set has not been conducted.</horizpar>
			</horizpa>
			<vertacc>
				<vertaccr>A formal accuracy assessment of the vertical positional information in the data set has either not been conducted, or is not applicable.</vertaccr>
			</vertacc>
		</posacc>
		<lineage>
			<srcinfo>
				<srccite>
					<citeinfo>
						<origin>Kathleen M Haller (USGS)</origin>
						<pubdate>20140717</pubdate>
						<title>USGS Quaternary Faults</title>
						<geoform>Vector Digital Data Set</geoform>
						<pubinfo>
							<pubplace>USGS website</pubplace>
							<publish>USGS and MT Bureau of Mines and Mineral Resources</publish>
						</pubinfo>
						<onlink>http://earthquake.usgs.gov/hazards/qfaults</onlink>
					</citeinfo>
				</srccite>
				<typesrc>Digital and/or Hardcopy Resources</typesrc>
				<srctime>
					<timeinfo>
						<sngdate>
							<caldate>20140717</caldate>
						</sngdate>
					</timeinfo>
					<srccurr>publication date</srccurr>
				</srctime>
				<srccitea>Quaternary Faults</srccitea>
				<srccontr>Source information used in support of the development of the data set.</srccontr>
			</srcinfo>
			<srcinfo>
				<srccite>
					<citeinfo>
						<origin>Meghan Burns</origin>
						<pubdate>20151025</pubdate>
						<title>Missoula County Boundary</title>
						<geoform>Vector Digital Data Set</geoform>
						<pubinfo>
							<pubplace>Helena, MT</pubplace>
							<publish>MT State Library</publish>
						</pubinfo>
						<onlink>ftp://gis.doa.state.mt.us/download/cadastral/mtcounties.mdb</onlink>
					</citeinfo>
				</srccite>
				<typesrc>Digital and/or Hardcopy Resources</typesrc>
				<srctime>
					<timeinfo>
						<sngdate>
							<caldate>20151025</caldate>
						</sngdate>
					</timeinfo>
					<srccurr>publication date</srccurr>
				</srctime>
				<srccitea>Missoula Cnty Bound</srccitea>
				<srccontr>Source information used in support of the development of the data set.</srccontr>
			</srcinfo>
			<procstep>
				<procdesc>1) The quaternary faults vector line data were imported in ArcGIS. These spanned the US so initially the faults that were close to or in Missoula County were highlighted and extracted from the data set to form a new shapefile. 
2) The Buffer tool was run at 5,10,15, and 20 miles and set to “geodesic”
3) The Symmetrical Difference tool was used to create specific buffer ranges from 0-5mi, 5-10mi, 10-15mi, 15-20mi, and 20-25mi. After this there were 5 separate buffers.
4) The Merge tool was used to bring these separate polygons together into one shapefile
5) Extraneous attributes were deleted and a field was added called buffer_dist and populated with those distances 5, 10, 15, 20, 25
6) The Simplify Polygon tool was used smooth out the edges for a more realistic view of how ground shaking intensity levels would spread and set to Blend_Simplify. 4 miles was input as the maximum allowable offset, buffer_blend.
7) The buffers were then clipped to the Missoula County boundary and then the Symmetrical Difference tool was used. The Missoula_County_bound shapefile was the input feature and the buffer_blend shapefile was the updating feature.
8) The output was then merged with the buffer_blend shapefile to create a shapefile that had 5-mile buffers surrounding the faults (each separate polygons) and a polygon that represents areas further than 25 miles from the nearest active faults.
9) Extraneous attributes were deleted and a lookup_value field was added and populated with unique values 1-4. 1 was assigned to areas with lower shaking (further from fault) and 4 was assigned to areas with higher shaking (closer to the fault).</procdesc>
				<procdate>20160205</procdate>
			</procstep>
		</lineage>
	</dataqual>
	<spdoinfo>
		<direct>Vector</direct>
		<ptvctinf>
			<sdtsterm>
				<sdtstype>G-polygon</sdtstype>
				<ptvctcnt>4</ptvctcnt>
			</sdtsterm>
		</ptvctinf>
	</spdoinfo>
	<spref>
		<horizsys>
			<planar>
				<gridsys>
					<gridsysn>State Plane Coordinate System 1983</gridsysn>
					<spcs>
						<spcszone>2500</spcszone>
						<lambertc>
							<stdparll>45.0</stdparll>
							<stdparll>49.0</stdparll>
							<longcm>-109.5</longcm>
							<latprjo>44.25</latprjo>
							<feast>600000.0</feast>
							<fnorth>0.0</fnorth>
						</lambertc>
					</spcs>
				</gridsys>
				<planci>
					<plance>coordinate pair</plance>
					<coordrep>
						<absres>0.6096</absres>
						<ordres>0.6096</ordres>
					</coordrep>
					<plandu>Meter</plandu>
				</planci>
			</planar>
			<geodetic>
				<horizdn>D_North_American_1983</horizdn>
				<ellips>GRS_1980</ellips>
				<semiaxis>6378137.0</semiaxis>
				<denflat>298.257222101</denflat>
			</geodetic>
		</horizsys>
	</spref>
	<eainfo>
		<detailed Name="EQ_Fault_Shaking">
			<enttyp>
				<enttypl>Attribute Table</enttypl>
				<enttypd>Table containing attribute information associated with the data set.</enttypd>
				<enttypds>Producer defined</enttypds>
			</enttyp>
			<attr>
				<attrlabl>OBJECTID</attrlabl>
				<attrdef>Internal feature number.</attrdef>
				<attrdefs>Esri</attrdefs>
				<attrdomv>
					<rdom>
						<rdommin>1</rdommin>
						<rdommax>4</rdommax>
					</rdom>
				</attrdomv>
			</attr>
			<attr>
				<attrlabl>lookup_val</attrlabl>
				<attrdef>Values that correllate Mercalli intensity regions with text for the MissoulaReady website.</attrdef>
				<attrdefs>Producer defined</attrdefs>
				<attrdomv>
					<edom>
						<edomv>1</edomv>
						<edomvd>Mercalli intensity 1</edomvd>
						<edomvds>Producer defined</edomvds>
					</edom>
				</attrdomv>
				<attrdomv>
					<edom>
						<edomv>2</edomv>
						<edomvd>Mercalli Intesity 2</edomvd>
						<edomvds>Producer defined</edomvds>
					</edom>
				</attrdomv>
				<attrdomv>
					<edom>
						<edomv>3</edomv>
						<edomvd>Mercalli Intesity 3</edomvd>
						<edomvds>Producer defined</edomvds>
					</edom>
				</attrdomv>
				<attrdomv>
					<edom>
						<edomv>4</edomv>
						<edomvd>Mercalli Intesity 4</edomvd>
						<edomvds>Producer defined</edomvds>
					</edom>
				</attrdomv>
			</attr>
			<attr>
				<attrlabl>Shape_Leng</attrlabl>
				<attrdef>Unknown</attrdef>
				<attrdefs>Producer defined</attrdefs>
				<attrdomv>
					<rdom>
						<rdommin>170119.698895</rdommin>
						<rdommax>651347.388399</rdommax>
					</rdom>
				</attrdomv>
			</attr>
			<attr>
				<attrlabl>Shape_Area</attrlabl>
				<attrdef>Area of feature in internal units squared.</attrdef>
				<attrdefs>Esri</attrdefs>
				<attrdomv>
					<rdom>
						<rdommin>615551269.706</rdommin>
						<rdommax>2751039593.68</rdommax>
					</rdom>
				</attrdomv>
			</attr>
			<attr>
				<attrlabl>Level</attrlabl>
				<attrdef>Unknown</attrdef>
				<attrdefs>Producer defined</attrdefs>
				<attrdomv>
					<edom>
						<edomv>I.-II. Not Felt to Weak</edomv>
						<edomvd>Mercalli Zones</edomvd>
						<edomvds>Producer defined</edomvds>
					</edom>
				</attrdomv>
				<attrdomv>
					<edom>
						<edomv>III. Weak</edomv>
						<edomvd>Unknown</edomvd>
						<edomvds>Producer defined</edomvds>
					</edom>
				</attrdomv>
				<attrdomv>
					<edom>
						<edomv>IV. Light</edomv>
						<edomvd>Unknown</edomvd>
						<edomvds>Producer defined</edomvds>
					</edom>
				</attrdomv>
			</attr>
		</detailed>
		<overview>
			<eaover>The entity and attribute information provided here describes the tabular data associated with the data set. Please review the detailed descriptions that are provided (the individual attribute descriptions) for information on the values that appear as fields/table entries of the data set.</eaover>
			<eadetcit>The entity and attribute information was generated by the individual and/or agency identified as the originator of the data set. Please review the rest of the metadata record for additional details and information.</eadetcit>
		</overview>
	</eainfo>
	<distinfo>
		<distrib>
			<cntinfo>
				<cntorgp>
					<cntorg>University of Montana</cntorg>
					<cntper>Carson MacPherson-Krutsky</cntper>
				</cntorgp>
				<cntpos>Graduate Student</cntpos>
				<cntaddr>
					<addrtype>Mailing</addrtype>
					<address>32 Campus Drive</address>
					<city>Missoula</city>
					<state>MT</state>
					<postal>59812</postal>
					<country>USA</country>
				</cntaddr>
				<cntvoice>206-832-7590</cntvoice>
				<cntemail>carsonmk@gmail.com</cntemail>
			</cntinfo>
		</distrib>
		<distliab>Distributor assumes no liability for misuse of data.</distliab>
		<stdorder>
			<digform>
				<digtinfo>
					<formname>Vector Digital Data Set (Polygon)</formname>
				</digtinfo>
				<digtopt>
					<onlinopt>
						<computer>
							<networka>
								<networkr>https://github.com/missoula-ready/disaster-preparedness</networkr>
							</networka>
						</computer>
					</onlinopt>
				</digtopt>
			</digform>
			<fees>None. No fees are applicable for obtaining the data set.</fees>
		</stdorder>
	</distinfo>
	<metainfo>
		<metd>20160722</metd>
		<metc>
			<cntinfo>
				<cntperp>
					<cntper>Carson MacPherson-Krutsky</cntper>
					<cntorg>University of Montana</cntorg>
				</cntperp>
				<cntpos>Graduate Student</cntpos>
				<cntaddr>
					<addrtype>Mailing</addrtype>
					<address>32 Campus Drive</address>
					<city>Missoula</city>
					<state>MT</state>
					<postal>59812</postal>
					<country>USA</country>
				</cntaddr>
				<cntvoice>206-832-7590</cntvoice>
				<cntemail>carsonmk@gmail.com</cntemail>
			</cntinfo>
		</metc>
		<metstdn>FGDC Content Standard for Digital Geospatial Metadata</metstdn>
		<metstdv>FGDC-STD-001-1998</metstdv>
	</metainfo>
	<Esri><DataProperties><itemProps><itemLocation><linkage Sync="TRUE">file://\\CARSONVM\C$\Users\Carson\Desktop\MissoulaReady\Metadata\EQ_Fault_Shaking_FGDC</linkage><protocol Sync="TRUE">Local Area Network</protocol></itemLocation></itemProps><copyHistory><copy source="C:\Users\Carson\Desktop\MissoulaReady\Metadata\EQ_Fault_Shaking\EQ_Fault_Shaking_FGDC" dest="\\CARSONVM\C$\Users\Carson\Desktop\MissoulaReady\Metadata\EQ_Fault_Shaking_FGDC" date="20160722" time="15371500"></copy></copyHistory></DataProperties></Esri></metadata>
