<?xml version="1.0" encoding="UTF-8"?>
<metadata>
	<idinfo>
		<citation>
			<citeinfo>
				<origin>Carson MacPherson-Krutsky</origin>
				<pubdate>20160117</pubdate>
				<title>EQ_Historic_Distance</title>
				<edition>2015</edition>
				<geoform>Vector Digital Data Set (Polygon)</geoform>
				<onlink>https://github.com/missoula-ready/disaster-preparedness</onlink>
				<lworkcit>
					<citeinfo>
						<origin>Carson MacPherson-Krutsky</origin>
						<origin>Rebecca Bendick (advisor)</origin>
						<pubdate>20160418</pubdate>
						<title>HazardReady: a geographically based natural hazard education and preparedness web application</title>
						<geoform>Website</geoform>
						<pubinfo>
							<pubplace>Missoula</pubplace>
							<publish>University of Montana</publish>
						</pubinfo>
						<onlink>https://github.com/missoula-ready/disaster-preparedness</onlink>
					</citeinfo>
				</lworkcit>
			</citeinfo>
		</citation>
		<descript>
			<abstract>This shapefile was created for MissoulaReady. The purpose of this shapefile is to give Missoula County residents an idea of when the nearest historic earthquake greater than magnitude 3 happened near them. Earthquakes smaller than magnitude 3 were not included since they would not have been felt.</abstract>
			<purpose>Data for earthquake locations originate from the USGS earthquake archive and were used to break up Missoula County into Thiessen Polygon regions where each polygon corresponds with an earthquake. These data should only be used with the MissoulaReady web application.</purpose>
		</descript>
		<timeperd>
			<timeinfo>
				<sngdate>
					<caldate>20160117</caldate>
				</sngdate>
			</timeinfo>
			<current>publication date</current>
		</timeperd>
		<status>
			<progress>Complete</progress>
			<update>As needed</update>
		</status>
		<spdom>
			<bounding>
				<westbc>-114.82942872</westbc>
				<eastbc>-113.267132765</eastbc>
				<northbc>47.621973095</northbc>
				<southbc>46.614173736</southbc>
			</bounding>
		</spdom>
		<keywords>
			<theme>
				<themekt>None</themekt>
				<themekey>county</themekey>
				<themekey>Montana counties</themekey>
				<themekey>governmental units</themekey>
				<themekey>counties</themekey>
				<themekey>Montana county boundary</themekey>
				<themekey>county lines</themekey>
				<themekey>county boundary</themekey>
				<themekey>Montana Spatial Data Infrastructure</themekey>
				<themekey>MSDI</themekey>
				<themekey>Earthquake</themekey>
				<themekey>USGS</themekey>
				<themekey>HazardReady</themekey>
			</theme>
			<theme>
				<themekt>ISO 19115 Topic Category</themekt>
				<themekey>boundaries</themekey>
			</theme>
			<place>
				<placekt>None</placekt>
				<placekey>Montana</placekey>
				<placekey>Missoula</placekey>
			</place>
		</keywords>
		<accconst>None</accconst>
		<useconst>Please contact Carson MacPherson-Krutsky before use.</useconst>
		<ptcontac>
			<cntinfo>
				<cntorgp>
					<cntorg>University of Montana</cntorg>
					<cntper>Carson MacPherson-Krutsky</cntper>
				</cntorgp>
				<cntpos>Graduate Student</cntpos>
				<cntaddr>
					<addrtype>Mailing</addrtype>
					<address>32 Campus Drive Geoscience Department</address>
					<city>Missoula</city>
					<state>MT</state>
					<postal>59812</postal>
					<country>US</country>
				</cntaddr>
				<cntvoice>206-832-7590</cntvoice>
				<cntemail>carsonmk@gmail.com</cntemail>
			</cntinfo>
		</ptcontac>
		<native>Environment as of Metadata Creation: Microsoft Windows 7 Version 6.1 (Build 7601) Service Pack 1; Esri ArcGIS 10.3 (Build 4322) Service Pack N/A (Build N/A)</native>
	</idinfo>
	<dataqual>
		<attracc>
			<attraccr>No formal attribute accuracy tests were conducted.</attraccr>
		</attracc>
		<logic>No formal logical accuracy tests were conducted.</logic>
		<complete>Considered complete.</complete>
		<posacc>
			<horizpa>
				<horizpar>A formal accuracy assessment of the horizantall positional information in the data set has either not been conducted, or is not applicable.</horizpar>
			</horizpa>
			<vertacc>
				<vertaccr>A formal accuracy assessment of the vertical positional information in the data set has either not been conducted, or is not applicable.</vertaccr>
			</vertacc>
		</posacc>
		<lineage>
			<srcinfo>
				<srccite>
					<citeinfo>
						<origin>U.S. Geological Survey</origin>
						<pubdate>20160101</pubdate>
						<title>Historic EQ Missoula County Region</title>
						<geoform>Vector Digital Data Set</geoform>
						<pubinfo>
							<pubplace>usgs.gov</pubplace>
							<publish>USGS</publish>
						</pubinfo>
						<onlink>http://earthquake.usgs.gov/earthquakes/search/</onlink>
					</citeinfo>
				</srccite>
				<typesrc>Digital and/or Hardcopy Resources</typesrc>
				<srctime>
					<timeinfo>
						<sngdate>
							<caldate>20160101</caldate>
						</sngdate>
					</timeinfo>
					<srccurr>publication date</srccurr>
				</srctime>
				<srccitea>Historic EQ Missoula County Region</srccitea>
				<srccontr>Used to develop shapefile</srccontr>
			</srcinfo>
			<srcinfo>
				<srccite>
					<citeinfo>
						<origin>Meghan Burns</origin>
						<pubdate>20151025</pubdate>
						<title>Missoula County Boundary</title>
						<geoform>Vector Digital Data Set</geoform>
						<pubinfo>
							<pubplace>Helena, MT</pubplace>
							<publish>Montana State Library</publish>
						</pubinfo>
						<onlink>ftp://gis.doa.state.mt.us/download/cadastral/mtcounties.mdb</onlink>
					</citeinfo>
				</srccite>
				<typesrc>Digital and/or Hardcopy Resources</typesrc>
				<srctime>
					<timeinfo>
						<sngdate>
							<caldate>20151025</caldate>
						</sngdate>
					</timeinfo>
					<srccurr>publication date</srccurr>
				</srctime>
				<srccitea>Missoula Cnty Bound</srccitea>
				<srccontr>This is the source of all county lines that follow Public Land Survey lines.</srccontr>
			</srcinfo>
			<procstep>
				<procdesc>1) A historic earthquakes file was downloaded from the USGS archive for a region around Missoula County and imported into ArcGIS. 
2) EQs smaller than magnitude 3.0 were deleted since humans do typically not feel them. Attributes were deleted except for earthquake magnitude and year of occurrence.
3) The Thiessen Polygon tool was used. The earthquake point shapefile was used as the “in_features.” The Missoula County Boundary was used as the “out_feature_class.”
4) The resulting shapefile contained Thiessen or proximal zones.  These zones  (polygons) represent areas where any location within the zone is closer to its’ associated earthquake than to any other input point.
5) A lookup_val field was added to the attribute table and unique numbers were input for each zone.</procdesc>
				<procdate>20160117</procdate>
			</procstep>
			<procstep>
				<procdesc>County boundaries when coincident with the PLSS were copied from original GCDB data downloaded from the Montana State BLM Office. Based on recent observations, this GCDB data varies somewhat from what is available at the Denver GCDB LSIS site and BLM needs to coordinate to ensure one standard version of GCDB. The boundaries that are not coincident with PLSS, rivers and other topographic features, were on screen digitized from the USGS raster graphics. Discrepencies were researched when encountered, however this is not meant to represent a legal survey of Montana county boundaries</procdesc>
				<procdate>unknown</procdate>
			</procstep>
		</lineage>
	</dataqual>
	<spdoinfo>
		<direct>Vector</direct>
		<ptvctinf>
			<sdtsterm>
				<sdtstype>G-polygon</sdtstype>
				<ptvctcnt>18</ptvctcnt>
			</sdtsterm>
		</ptvctinf>
	</spdoinfo>
	<spref>
		<horizsys>
			<planar>
				<gridsys>
					<gridsysn>State Plane Coordinate System 1983</gridsysn>
					<spcs>
						<spcszone>2500</spcszone>
						<lambertc>
							<stdparll>45.0</stdparll>
							<stdparll>49.0</stdparll>
							<longcm>-109.5</longcm>
							<latprjo>44.25</latprjo>
							<feast>600000.0</feast>
							<fnorth>0.0</fnorth>
						</lambertc>
					</spcs>
				</gridsys>
				<planci>
					<plance>coordinate pair</plance>
					<coordrep>
						<absres>0.6096</absres>
						<ordres>0.6096</ordres>
					</coordrep>
					<plandu>Meter</plandu>
				</planci>
			</planar>
			<geodetic>
				<horizdn>D_North_American_1983</horizdn>
				<ellips>GRS_1980</ellips>
				<semiaxis>6378137.0</semiaxis>
				<denflat>298.257222101</denflat>
			</geodetic>
		</horizsys>
	</spref>
	<eainfo>
		<detailed Name="EQ_Historic_Distance">
			<enttyp>
				<enttypl>Attribute Table</enttypl>
				<enttypd>Table containing attribute information associated with the data set.</enttypd>
				<enttypds>Producer defined</enttypds>
			</enttyp>
			<attr>
				<attrlabl>Magnitude_</attrlabl>
				<attrdef>Megnitude of earthquake</attrdef>
				<attrdefs>Producer defined</attrdefs>
				<attrdomv>
					<rdom>
						<rdommin>3</rdommin>
						<rdommax>4.30000019073486</rdommax>
						<attrunit>moment magnitude</attrunit>
					</rdom>
				</attrdomv>
			</attr>
			<attr>
				<attrlabl>Year_1</attrlabl>
				<attrdef>When earthquake occured</attrdef>
				<attrdefs>Producer defined</attrdefs>
				<attrdomv>
					<rdom>
						<rdommin>1978</rdommin>
						<rdommax>2013</rdommax>
						<attrunit>year</attrunit>
					</rdom>
				</attrdomv>
			</attr>
			<attr>
				<attrlabl>Snugget</attrlabl>
				<attrdef>The text that describes each polygon</attrdef>
				<attrdefs>Producer defined</attrdefs>
				<attrdomv>
					<udom>Descriptins of what earthquake is closest to any location within Missoula County</udom>
				</attrdomv>
			</attr>
			<attr>
				<attrlabl>lookup_val</attrlabl>
				<attrdef>The lookup value denotes different regions associated with magnitude 3+ earthquakes in Missoula County</attrdef>
				<attrdefs>Producer defined</attrdefs>
				<attrdomv>
					<rdom>
						<rdommin>1</rdommin>
						<rdommax>18</rdommax>
						<attrunit>Polygons</attrunit>
					</rdom>
				</attrdomv>
			</attr>
		</detailed>
		<overview>
			<eaover>The entity and attribute information provided here describes the tabular data associated with the data set. Please review the detailed descriptions that are provided (the individual attribute descriptions) for information on the values that appear as fields/table entries of the data set.</eaover>
			<eadetcit>The entity and attribute information was generated by the individual and/or agency identified as the originator of the data set. Please review the rest of the metadata record for additional details and information.</eadetcit>
		</overview>
	</eainfo>
	<distinfo>
		<distrib>
			<cntinfo>
				<cntorgp>
					<cntorg>University of Montana</cntorg>
					<cntper>Carson MacPherson-Krutsky</cntper>
				</cntorgp>
				<cntpos>Graduate Student</cntpos>
				<cntaddr>
					<addrtype>Mailing</addrtype>
					<address>32 Campus Drive Geoscience Department</address>
					<city>Missoula</city>
					<state>MT</state>
					<postal>59812</postal>
					<country>US</country>
				</cntaddr>
				<cntvoice>206-832-7590</cntvoice>
				<cntemail>carsonmk@gmail.com</cntemail>
			</cntinfo>
		</distrib>
		<resdesc>downloadable data</resdesc>
		<distliab>The creators of this shapefile are not liable for misuse of this data. Please contact creators before use.</distliab>
		<stdorder>
			<digform>
				<digtinfo>
					<formname>Vector Digital Data Set (Polygon)</formname>
				</digtinfo>
				<digtopt>
					<onlinopt>
						<computer>
							<networka>
								<networkr>https://github.com/missoula-ready/disaster-preparedness</networkr>
							</networka>
						</computer>
					</onlinopt>
				</digtopt>
			</digform>
			<fees>None. No fees are applicable for obtaining the data set.</fees>
		</stdorder>
	</distinfo>
	<metainfo>
		<metd>20160721</metd>
		<metc>
			<cntinfo>
				<cntorgp>
					<cntorg>University of Montana</cntorg>
					<cntper>Carson MacPherson-Krutsky</cntper>
				</cntorgp>
				<cntpos>Graduate Student</cntpos>
				<cntaddr>
					<addrtype>Mailing</addrtype>
					<address>32 Campus Drive Geoscience Department</address>
					<city>Missoula</city>
					<state>MT</state>
					<postal>59812</postal>
					<country>US</country>
				</cntaddr>
				<cntvoice>206-832-7590</cntvoice>
				<cntemail>carsonmk@gmail.com</cntemail>
			</cntinfo>
		</metc>
		<metstdn>FGDC Content Standard for Digital Geospatial Metadata</metstdn>
		<metstdv>FGDC-STD-001-1998</metstdv>
		<mettc>local time</mettc>
	</metainfo>
	<Esri><DataProperties><itemProps><itemLocation><linkage Sync="TRUE">file://\\CARSONVM\C$\Users\Carson\Desktop\MissoulaReady\Metadata\EQ_Historic_Distance_FGDC</linkage><protocol Sync="TRUE">Local Area Network</protocol></itemLocation></itemProps><copyHistory><copy source="C:\Users\Carson\Desktop\MissoulaReady\Metadata\EQ_Historic\EQ_Historic_Distance_FGDC" dest="\\CARSONVM\C$\Users\Carson\Desktop\MissoulaReady\Metadata\EQ_Historic_Distance_FGDC" date="20160721" time="12351200"></copy></copyHistory></DataProperties></Esri></metadata>
