<?xml version="1.0" encoding="UTF-8"?>
<metadata>
	<idinfo>
		<citation>
			<citeinfo>
				<origin>Carson MacPherson-Krutsky</origin>
				<origin>Rebecca Bendick (advisor)</origin>
				<pubdate>20160222</pubdate>
				<title>Burn Potential Areas for Missoula County based off of 2010 ground conditions</title>
				<geoform>Vector Digital Data Set (Polygon)</geoform>
				<onlink>https://github.com/missoula-ready/missoula-ready/blob/master/disasterinfosite/data.zip</onlink>
			</citeinfo>
		</citation>
		<descript>
			<abstract>This vector data were modified from the National Burn Probability raster dataset that was created using Fire Simulation (FSim) system. The data were clipped to Missoula County to represent areas of higher and lower burn potential within the county. See processing steps for more information on how data was modified.</abstract>
			<purpose>It was made for use in MissoulaReady, a web application to provide Missoula County Residents with an understanding of general natural  hazard risks for where they live.</purpose>
		</descript>
		<timeperd>
			<timeinfo>
				<sngdate>
					<caldate>20140307</caldate>
				</sngdate>
			</timeinfo>
			<current>publication date</current>
		</timeperd>
		<status>
			<progress>Complete</progress>
			<update>As needed</update>
		</status>
		<spdom>
			<bounding>
				<westbc>-114.886983874</westbc>
				<eastbc>-113.182323328</eastbc>
				<northbc>47.665443734</northbc>
				<southbc>46.532434595</southbc>
			</bounding>
		</spdom>
		<keywords>
			<theme>
				<themekt>USGS Thesaurus</themekt>
				<themekey>fires</themekey>
				<themekey>hazard preparedness</themekey>
			</theme>
			<place>
				<placekt>Common geographic areas</placekt>
				<placekey>Missoula</placekey>
			</place>
		</keywords>
		<accconst>None. Please see 'Distribution Info' for details.</accconst>
		<useconst>Contact creator before using data.</useconst>
		<ptcontac>
			<cntinfo>
				<cntorgp>
					<cntorg>Carson MacPherson-Krutsky</cntorg>
				</cntorgp>
				<cntpos>Graduate Student</cntpos>
				<cntaddr>
					<addrtype>Mailing</addrtype>
					<address>32 Campus Drive</address>
					<city>Missoula</city>
					<state>MT</state>
					<postal>59812</postal>
					<country>USA</country>
				</cntaddr>
				<cntvoice>2068327590</cntvoice>
				<cntemail>carson.m-krutsky@umontana.edu</cntemail>
			</cntinfo>
		</ptcontac>
		<native>Environment as of Metadata Creation: Microsoft Windows 7 Version 6.1 (Build 7601) Service Pack 1; Esri ArcGIS 10.3 (Build 4322) Service Pack N/A (Build N/A)</native>
	</idinfo>
	<dataqual>
		<attracc>
			<attraccr>Attribute information is considered accurate.</attraccr>
		</attracc>
		<logic>Ranges of values have been binned into single values so some error is introduced when doign this.</logic>
		<complete>Data set is considered complete for the information presented, as described in the abstract. Users are advised to read the rest of the metadata record carefully for additional details.</complete>
		<posacc>
			<horizpa>
				<horizpar>A formal accuracy assessment of the horizontal positional information in the data set has not been conducted.</horizpar>
			</horizpa>
			<vertacc>
				<vertaccr>A formal accuracy assessment of the vertical positional information in the data set has either not been conducted, or is not applicable.</vertaccr>
			</vertacc>
		</posacc>
		<lineage>
			<srcinfo>
				<srccite>
					<citeinfo>
						<origin>Fire Program Analysis (FPA) System and US Forest Service Missoula Fire Sciences Laboratory</origin>
						<pubdate>20140307</pubdate>
						<title>Burn Probabilities for the Conterminous US (270-m GRID) from Calibrated FSim Runs for the 2014 FPA Submissions [bp_20140307]</title>
						<geoform>Raster Digital Data Set</geoform>
						<pubinfo>
							<pubplace>National Interagency Fire Center, Boise, ID</pubplace>
							<publish>v</publish>
						</pubinfo>
					</citeinfo>
				</srccite>
				<typesrc>Digital and/or Hardcopy Resources</typesrc>
				<srctime>
					<timeinfo>
						<sngdate>
							<caldate>20100101</caldate>
						</sngdate>
					</timeinfo>
					<srccurr>ground condition</srccurr>
				</srctime>
				<srccitea>Burn Potential 20140307</srccitea>
				<srccontr>Source information used directly to develop the data set.</srccontr>
			</srcinfo>
			<procstep>
				<procdesc>Raster data were imported into ArcGIS and clipped to Missoula County. Values in the county for burn probabilities ranged from 0 to 3.46%. Raster Reclassify tool was used to bin raster values into seven categories stepping up by 0.5% each time. Each was assigned a value from 1 to 7.</procdesc>
				<procdate>20160222</procdate>
			</procstep>
			<procstep>
				<procdesc>The Raster to Polygon tool was then used to convert the seven categories into polygons. The Dissolve by vlaue tool was used to simplify resulting polygons into the seven categories.</procdesc>
				<procdate>20160222</procdate>
			</procstep>
			<procstep>
				<procdesc>Lookup values were then added to the attribute that matched the values assigned to each polygon. For displaying data the percentages were turned into annual chances. For example: Lookup value 6 represents burn probabilities from 2-2.5%. This is about a 1 in 40 chance of a burn occurring annually.</procdesc>
				<procdate>20160222</procdate>
			</procstep>
		</lineage>
	</dataqual>
	<spdoinfo>
		<direct>Vector</direct>
		<ptvctinf>
			<sdtsterm>
				<sdtstype>G-polygon</sdtstype>
				<ptvctcnt>7</ptvctcnt>
			</sdtsterm>
		</ptvctinf>
	</spdoinfo>
	<spref>
		<horizsys>
			<planar>
				<mapproj>
					<mapprojn>NAD 1983 Albers (ESRI Full Name: NAD_1983_Albers)</mapprojn>
					<albers>
						<stdparll>29.5</stdparll>
						<stdparll>45.5</stdparll>
						<longcm>-96.0</longcm>
						<latprjo>23.0</latprjo>
						<feast>0.0</feast>
						<fnorth>0.0</fnorth>
					</albers>
				</mapproj>
				<planci>
					<plance>coordinate pair</plance>
					<coordrep>
						<absres>0.6096</absres>
						<ordres>0.6096</ordres>
					</coordrep>
					<plandu>Meter</plandu>
				</planci>
			</planar>
			<geodetic>
				<horizdn>D_North_American_1983</horizdn>
				<ellips>GRS_1980</ellips>
				<semiaxis>6378137.0</semiaxis>
				<denflat>298.257222101</denflat>
			</geodetic>
		</horizsys>
	</spref>
	<eainfo>
		<detailed Name="BP_reclass4_poly_Dissolve">
			<enttyp>
				<enttypl>Attribute Table</enttypl>
				<enttypd>Table containing attribute information associated with the data set.</enttypd>
				<enttypds>Producer defined</enttypds>
			</enttyp>
			<attr>
				<attrlabl>lookup_val</attrlabl>
				<attrdef>lookup_val is a number assigned to each polygon</attrdef>
				<attrdefs>Producer defined</attrdefs>
				<attrdomv>
					<edom>
						<edomv>1</edomv>
						<edomvd>annual burn potential is between 0%</edomvd>
						<edomvds>Producer defined</edomvds>
					</edom>
				</attrdomv>
				<attrdomv>
					<edom>
						<edomv>2</edomv>
						<edomvd>annual burn potential is between 0 and 0.5%</edomvd>
						<edomvds>Producer defined</edomvds>
					</edom>
				</attrdomv>
				<attrdomv>
					<edom>
						<edomv>3</edomv>
						<edomvd>annual burn potential is between 0.5 and 1.0%</edomvd>
						<edomvds>Producer defined</edomvds>
					</edom>
				</attrdomv>
				<attrdomv>
					<edom>
						<edomv>4</edomv>
						<edomvd>annual burn potential is between 1.0 and 1.5%</edomvd>
						<edomvds>Producer defined</edomvds>
					</edom>
				</attrdomv>
				<attrdomv>
					<edom>
						<edomv>5</edomv>
						<edomvd>annual burn potential is between 1.5 and 2.0%</edomvd>
						<edomvds>Producer defined</edomvds>
					</edom>
				</attrdomv>
				<attrdomv>
					<edom>
						<edomv>6</edomv>
						<edomvd>annual burn potential is between 2.0 and 2.5%</edomvd>
						<edomvds>Producer defined</edomvds>
					</edom>
				</attrdomv>
				<attrdomv>
					<edom>
						<edomv>7</edomv>
						<edomvd>annual burn potential is between 2.5 and 3.5%</edomvd>
						<edomvds>Producer defined</edomvds>
					</edom>
				</attrdomv>
			</attr>
			<attr>
				<attrlabl>Text</attrlabl>
				<attrdef>Unknown</attrdef>
				<attrdefs>Producer defined</attrdefs>
				<attrdomv>
					<edom>
						<edomv>0</edomv>
						<edomvd>Unknown</edomvd>
						<edomvds>Producer defined</edomvds>
					</edom>
				</attrdomv>
				<attrdomv>
					<edom>
						<edomv>0-0.5</edomv>
						<edomvd>Unknown</edomvd>
						<edomvds>Producer defined</edomvds>
					</edom>
				</attrdomv>
				<attrdomv>
					<edom>
						<edomv>0.5-1.0</edomv>
						<edomvd>Unknown</edomvd>
						<edomvds>Producer defined</edomvds>
					</edom>
				</attrdomv>
				<attrdomv>
					<edom>
						<edomv>1.0-1.5</edomv>
						<edomvd>Unknown</edomvd>
						<edomvds>Producer defined</edomvds>
					</edom>
				</attrdomv>
				<attrdomv>
					<edom>
						<edomv>1.5-2.0</edomv>
						<edomvd>Unknown</edomvd>
						<edomvds>Producer defined</edomvds>
					</edom>
				</attrdomv>
				<attrdomv>
					<edom>
						<edomv>2.0-2.5</edomv>
						<edomvd>Unknown</edomvd>
						<edomvds>Producer defined</edomvds>
					</edom>
				</attrdomv>
				<attrdomv>
					<edom>
						<edomv>2.5-3.36</edomv>
						<edomvd>Unknown</edomvd>
						<edomvds>Producer defined</edomvds>
					</edom>
				</attrdomv>
			</attr>
		</detailed>
		<overview>
			<eaover>The entity and attribute information provided here describes the tabular data associated with the data set. Please review the detailed descriptions that are provided (the individual attribute descriptions) for information on the values that appear as fields/table entries of the data set.</eaover>
			<eadetcit>The entity and attribute information was generated by the individual and/or agency identified as the originator of the data set. Please review the rest of the metadata record for additional details and information.</eadetcit>
		</overview>
	</eainfo>
	<distinfo>
		<distrib>
			<cntinfo>
				<cntorgp>
					<cntorg>University of Montana</cntorg>
				</cntorgp>
				<cntpos>Graduate Student</cntpos>
				<cntaddr>
					<addrtype>Mailing</addrtype>
					<address>32 Campus Drive</address>
					<city>Missoula</city>
					<state>MT</state>
					<postal>59812</postal>
					<country>USA</country>
				</cntaddr>
				<cntvoice>2068327590</cntvoice>
			</cntinfo>
		</distrib>
		<distliab>Distributor assumes no liability for misuse of data.</distliab>
		<stdorder>
			<digform>
				<digtinfo>
					<formname>Vector Digital Data Set (Polygon)</formname>
				</digtinfo>
				<digtopt>
					<onlinopt>
						<computer>
							<networka>
								<networkr>https://github.com/missoula-ready/missoula-ready/blob/master/disasterinfosite/data.zip</networkr>
							</networka>
						</computer>
					</onlinopt>
				</digtopt>
			</digform>
		</stdorder>
	</distinfo>
	<metainfo>
		<metd>20160415</metd>
		<metc>
			<cntinfo>
				<cntperp>
					<cntper>Carson MacPherson-Krutsky</cntper>
				</cntperp>
				<cntaddr>
					<addrtype>Mailing</addrtype>
					<address>32 Campus Drive</address>
					<city>Missoula</city>
					<state>MT</state>
					<postal>59812</postal>
					<country>USA</country>
				</cntaddr>
				<cntvoice>2068327590</cntvoice>
			</cntinfo>
		</metc>
		<metstdn>FGDC Content Standard for Digital Geospatial Metadata</metstdn>
		<metstdv>FGDC-STD-001-1998</metstdv>
	</metainfo>
	<Esri><DataProperties><itemProps><itemLocation><linkage Sync="TRUE">file://\\CARSONVM\C$\Users\Carson\Desktop\MissoulaReady\Metadata\Fire_Burn_Probability2_FGDC</linkage><protocol Sync="TRUE">Local Area Network</protocol></itemLocation></itemProps><copyHistory><copy source="C:\Users\Carson\Desktop\MissoulaReady\Metadata\Fire_Burn_Probability\Fire_Burn_Probability2_FGDC" dest="\\CARSONVM\C$\Users\Carson\Desktop\MissoulaReady\Metadata\Fire_Burn_Probability2_FGDC" date="20160720" time="16280100"></copy></copyHistory></DataProperties></Esri></metadata>
