<metadata><idinfo>
		<citation>
			<citeinfo>
				<origin>Carson MacPherson-Krutsky</origin>
				<origin>Rebecca Bendick (advisor)</origin>
				<pubdate>20160131</pubdate>
				<title>Compiled Fire History Polygons for Missoula County: 1889-2013</title>
				<edition>2015</edition>
				<geoform>Vector Digital Data Set (Polygon)</geoform>
				<onlink>https://github.com/missoula-ready/missoula-ready/blob/master/disasterinfosite/data.zip</onlink>
			</citeinfo>
		</citation>
		<descript>
			<abstract>This data set is a combination of two previously made historic fire polygon data sets. One from a period representing historic fire boundaries from 1889 - 2003 and the other from 1985 -2013. Overlapping data were removed and the resulting polygons were merged with the Missoula County boundary file and clipped to it. Fire year and acres was preserved from original data. Other fields were deleted.</abstract>
			<purpose>It was made for use in MissoulaReady, a web application to provide Missoula County Residents with and understanding of where wildfires have been historically.</purpose>
		</descript>
		<timeperd>
			<timeinfo>
				<rngdates>
					<begdate>18890101</begdate>
					<enddate>20021231</enddate>
				</rngdates>
			</timeinfo>
			<current>publication date</current>
		</timeperd>
		<status>
			<progress>Complete</progress>
			<update>As needed</update>
		</status>
		<spdom>
			<bounding>
				<westbc>-114.797204284</westbc>
				<eastbc>-113.302746499</eastbc>
				<northbc>47.6002837679</northbc>
				<southbc>46.6315781995</southbc>
			</bounding>
		</spdom>
		<keywords>
			<theme>
				<themekt>None</themekt>
				<themekey>county</themekey>
				<themekey>Montana counties</themekey>
				<themekey>governmental units</themekey>
				<themekey>counties</themekey>
				<themekey>Montana county boundary</themekey>
				<themekey>county lines</themekey>
				<themekey>county boundary</themekey>
				<themekey>Montana Spatial Data Infrastructure</themekey>
				<themekey>MSDI</themekey>
			</theme>
			<theme>
				<themekt>ISO 19115 Topic Category</themekt>
				<themekey>boundaries</themekey>
			</theme>
			<theme>
				<themekt>USGS Thesaurus</themekt>
				<themekey>fires</themekey>
				<themekey>hazard preparedness</themekey>
				<themekey>hazard preparedness</themekey>
				<themekey>hazards</themekey>
			</theme>
			<place>
				<placekt>None</placekt>
				<placekey>Montana</placekey>
			</place>
			<place>
				<placekt>Common geographic areas</placekt>
				<placekey>Missoula</placekey>
			</place>
		</keywords>
		<accconst>None</accconst>
		<useconst>Contact creator before using data.</useconst>
		<ptcontac>
			<cntinfo>
				<cntorgp>
					<cntorg>University of Montana</cntorg>
					<cntper>Carson MacPherson-Krutsky</cntper>
				</cntorgp>
				<cntpos>Graduate Student</cntpos>
				<cntaddr>
					<addrtype>Mailing</addrtype>
					<address>32 Campus Drive</address>
					<city>Missoula</city>
					<state>MT</state>
					<postal>59812</postal>
					<country>US</country>
				</cntaddr>
				<cntvoice>206-832-7590</cntvoice>
				<cntemail>carson.m-krutsky@umontana.edu</cntemail>
			</cntinfo>
		</ptcontac>
		<datacred>(1) Fisher, C, Foiles, K., Tanke, W., Small, T., 2013, Fire History polygons for Region 1: 1985-2013, U.S. Forest Service: www.fs.usda.gov/detailfull/r1/landmanagement/gis/?cid=stelprd3804172&amp;width=full - 200 (accessed October 2015)    (2) Gibson, C., 2005, Fire History Polygons for Northern Rockies 1889-2003, University of Idaho, Department of Forest Resources: http://www.fs.usda.gov/detailfull/r1/landmanagement/gis/?cid=fsp5_030970 (accessed October 2015)</datacred>
		<native>Environment as of Metadata Creation: Microsoft Windows 7 Version 6.1 (Build 7601) Service Pack 1; Esri ArcGIS 10.3 (Build 4322) Service Pack N/A (Build N/A)</native>
	</idinfo>
	<dataqual>
		<attracc>
			<attraccr>Attribute information is as acurate as possible considering the available data used to create this coverage. Human errors in mapping and digitizing fire perimeters, and/or process steps taken to create this coverage possibly contributes to data set inaccuracies.</attraccr>
		</attracc>
		<logic>considered accurate</logic>
		<complete>Historic burns after 2013 are not included.</complete>
		<posacc>
			<vertacc>
				<vertaccr>A formal accuracy assessment of the vertical positional information in the data set has either not been conducted, or is not applicable.</vertaccr>
			</vertacc>
		</posacc>
		<lineage>
			<srcinfo>
				<srccite>
					<citeinfo>
						<origin>U.S. Geological Survey</origin>
						<pubdate>20140422</pubdate>
						<title>Fire History polygons for Region 1: 1985-2013</title>
						<geoform>Vector Digital Data Set</geoform>
						<pubinfo>
							<pubplace>Online-USFS</pubplace>
							<publish>USFS</publish>
						</pubinfo>
						<onlink>http://www.fs.usda.gov/detailfull/r1/landmanagement/gis/?cid=stelprd3804172&amp;width=full</onlink>
					</citeinfo>
				</srccite>
				<srcscale>24000</srcscale>
				<typesrc>Digital and/or Hardcopy Resources</typesrc>
				<srctime>
					<timeinfo>
						<sngdate>
							<caldate>20140422</caldate>
						</sngdate>
					</timeinfo>
					<srccurr>publication date</srccurr>
				</srctime>
				<srccitea>FirePolygons '85-'13</srccitea>
				<srccontr>This is the source of polygons for historic wildfire perimeters after 2003</srccontr>
			</srcinfo>
			<srcinfo>
				<srccite>
					<citeinfo>
						<origin>Carly Gibson</origin>
						<pubdate>20050601</pubdate>
						<title>Fire History Polygons for Northern Rockies: 1889-2003</title>
						<geoform>Vector Digital Data Set</geoform>
						<pubinfo>
							<pubplace>University of Idaho</pubplace>
							<publish>U.S. Forest Service</publish>
						</pubinfo>
						<onlink>http://www.fs.usda.gov/detailfull/r1/landmanagement/gis/?cid=fsp5_030970</onlink>
					</citeinfo>
				</srccite>
				<typesrc>Digital and/or Hardcopy Resources</typesrc>
				<srctime>
					<timeinfo>
						<sngdate>
							<caldate>20050601</caldate>
						</sngdate>
					</timeinfo>
					<srccurr>publication date</srccurr>
				</srctime>
				<srccitea>Fire Polygons 1889-2003</srccitea>
				<srccontr>This is the source of polygons historic wildfire perimeters from 1889-2003</srccontr>
			</srcinfo>
			<procstep>
				<procdesc>Both data sets were imported into ArcGIS along with a Missoula County Boundary Shapefile. Acreage was calculated for each polygon and added to attribute tables. Fields other than fire year and acreage were deleted in both data sets. For Fire Polygons 1985-2013, fires between 1985 and 2003 were deleted so there would not be overlapping shapes when combined with other dataset.</procdesc>
				<procdate>20160331</procdate>
			</procstep>
			<procstep>
				<procdesc>The fire polygons were then combined using the Merge tool. The attribute table was then edited an simplified to make sure fire year and acreage were in correct columns. All other fields were deleted. Once combined, polygons were clipped to Missoula County boundary. The Symmetrical Difference tool was used with the County layer and the merged and clipped fire polygons to create a layer with empty spaces where fires had been, MissoulaCounty_symdiff was then merged with the clipped fire polygons to create a shapefile with both areas with and without historic burns.</procdesc>
				<procdate>20160331</procdate>
			</procstep>
			<procstep>
				<procdesc>A lookup_val column was added to the attribute table and unique values were given to each fire boundary and one value was given to areas that did not have a record of historic burn. A text column was then added and using field calculator the text was generated using following VB script "In " &amp; [FIRE_YEAR] &amp; " " &amp; Left([Acres],4) &amp;  " acres burned in this location." OR :"There has been no record of fire in this area between 1889 and 2013.</procdesc>
				<procdate>20160331</procdate>
			</procstep>
		</lineage>
	</dataqual>
	<eainfo>
		<detailed>
			<enttyp>
				<enttypl>Attribute Table</enttypl>
				<enttypd>Table containing attribute information associated with the data set.</enttypd>
				<enttypds>Producer defined</enttypds>
			</enttyp>
			<attr>
				<attrlabl>OBJECTID_1</attrlabl>
				<attrdef>Internal feature number.</attrdef>
				<attrdefs>Esri</attrdefs>
				<attrdomv>
					<rdom>
						<rdommin>1</rdommin>
						<rdommax>337</rdommax>
					</rdom>
				</attrdomv>
			</attr>
			<attr>
				<attrlabl>ACRES</attrlabl>
				<attrdef>Area of county in GIS acres</attrdef>
				<attrdefs>Producer defined</attrdefs>
				<attrdomv>
					<rdom>
						<rdommin>0.617600023746</rdommin>
						<rdommax>1673519.41809</rdommax>
						<attrunit>Acres</attrunit>
					</rdom>
				</attrdomv>
			</attr>
			<attr>
				<attrlabl>Shape_Leng</attrlabl>
				<attrdef>Feature Length</attrdef>
				<attrdefs>Producer defined</attrdefs>
				<attrdomv>
					<rdom>
						<rdommin>0.00180721175866</rdommin>
						<rdommax>26.3368300572</rdommax>
					</rdom>
				</attrdomv>
			</attr>
			<attr>
				<attrlabl>Shape_Area</attrlabl>
				<attrdef>Feature Area</attrdef>
				<attrdefs>Producer defined</attrdefs>
				<attrdomv>
					<rdom>
						<rdommin>9.24552919643E-08</rdommin>
						<rdommax>0.583173991745</rdommax>
					</rdom>
				</attrdomv>
			</attr>
			<attr>
				<attrlabl>Year</attrlabl>
				<attrdef>Year of Fire</attrdef>
				<attrdefs>Producer defined</attrdefs>
				<attrdomv>
					<rdom>
						<rdommin>0</rdommin>
						<rdommax>2013</rdommax>
					</rdom>
				</attrdomv>
			</attr>
			<attr>
				<attrlabl>text</attrlabl>
				<attrdef>Description of fire</attrdef>
				<attrdefs>Producer defined</attrdefs>
				<attrdomv>
					<udom>Unknown</udom>
				</attrdomv>
			</attr>
			<attr>
				<attrlabl>lookup_val</attrlabl>
				<attrdef>lookup_val is a number assigned to each polygon.</attrdef>
				<attrdefs>Producer defined</attrdefs>
				<attrdomv>
					<rdom>
						<rdommin>1</rdommin>
						<rdommax>329</rdommax>
					</rdom>
				</attrdomv>
			</attr>
		</detailed>
		<overview>
			<eaover>The entity and attribute information provided here describes the tabular data associated with the data set. Please review the detailed descriptions that are provided (the individual attribute descriptions) for information on the values that appear as fields/table entries of the data set.</eaover>
			<eadetcit>The entity and attribute information was generated by the individual and/or agency identified as the originator of the data set. Please review the rest of the metadata record for additional details and information.</eadetcit>
		</overview>
	</eainfo>
	<distinfo>
		<distrib>
			<cntinfo>
				<cntorgp>
					<cntorg>Carson MacPherson-Krutsky</cntorg>
				</cntorgp>
				<cntaddr>
					<addrtype>Mailing</addrtype>
					<address>32 Campus Drive</address>
					<city>Missoula</city>
					<state>MT</state>
					<postal>59812</postal>
					<country>US</country>
				</cntaddr>
				<cntvoice>2068327590</cntvoice>
			</cntinfo>
		</distrib>
		<resdesc>downloadable data</resdesc>
		<distliab>Consumers of this information should review or consult the primary data and information sources to ascertain the viability of the information for their purposes. There is no guarantee of data accuracy, adequacy, or completeness. In no event shall the creator be liable for any incorrect results or analysis; any direct, indirect, special, or consequential damages to any party. The creator reserves the right to change or revise published data at any time.</distliab>
		<stdorder>
			<digform>
				<digtinfo>
					<formname>Vector Digital Data Set (Polygon)</formname>
				</digtinfo>
				<digtopt>
					<onlinopt>
						<computer>
							<networka>
								<networkr>https://github.com/missoula-ready/missoula-ready/blob/master/disasterinfosite/data.zip</networkr>
							</networka>
						</computer>
					</onlinopt>
				</digtopt>
			</digform>
			<fees>None. No fees are applicable for obtaining the data set.</fees>
		</stdorder>
	</distinfo>
	<spdoinfo><direct>Vector</direct><ptvctinf><sdtsterm><sdtstype>G-polygon</sdtstype><ptvctcnt>329</ptvctcnt></sdtsterm></ptvctinf></spdoinfo><spref><horizsys><geograph><latres>0.0197166471</latres><longres>0.0288028866</longres><geogunit>Decimal seconds</geogunit></geograph><geodetic><horizdn>D_North_American_1983</horizdn><ellips>GRS_1980</ellips><semiaxis>6378137.0</semiaxis><denflat>298.257222101</denflat></geodetic></horizsys></spref><metainfo>
		<metd>20160415</metd>
		<metc>
			<cntinfo>
				<cntorgp>
					<cntorg>University of Montana</cntorg>
					<cntper>Carson MacPherson-Krutsky</cntper>
				</cntorgp>
				<cntaddr>
					<addrtype>Mailing</addrtype>
					<address>32 Campus Drive</address>
					<city>Missoula</city>
					<state>MT</state>
					<postal>59812</postal>
					<country>US</country>
				</cntaddr>
				<cntvoice>2068327590</cntvoice>
			</cntinfo>
		</metc>
		<metstdn>FGDC Content Standard for Digital Geospatial Metadata</metstdn>
		<metstdv>FGDC-STD-001-1998</metstdv>
		<mettc>local time</mettc>
	</metainfo>
	<Esri><DataProperties><itemProps><itemLocation><linkage Sync="TRUE">file://\\CARSONVM\C$\Users\Carson\Desktop\MissoulaReady\Metadata\Fire_Hist_Bound_FGDC</linkage><protocol Sync="TRUE">Local Area Network</protocol></itemLocation></itemProps><copyHistory><copy source="C:\Users\Carson\Desktop\MissoulaReady\Metadata\Fire_Hist_Bound\Fire_Hist_Bound_FGDC" dest="\\CARSONVM\C$\Users\Carson\Desktop\MissoulaReady\Metadata\Fire_Hist_Bound_FGDC" date="20160720" time="16273600"></copy></copyHistory></DataProperties></Esri></metadata>
