<?xml version="1.0" encoding="UTF-8"?>
<metadata>
	<idinfo>
		<citation>
			<citeinfo>
				<origin>Administrative Boundary Coordinator, Montana State Library, GIS Analyst</origin>
				<pubdate>20150911</pubdate>
				<title>Fire_Worst_Case_ph2</title>
				<edition>2015</edition>
				<geoform>Vector Digital Data Set (Polygon)</geoform>
				<onlink>http://giscoordination.mt.gov/data.asp</onlink>
			</citeinfo>
		</citation>
		<descript>
			<abstract>Database of Montana Counties created to be coincident with the Montana Cadastral Parcel Boundaries. Where county boundaries are coincident with public land survey section lines, they were copied from the BLM's Geographic Coordinate Database (GCDB). If boundaries were not coincident with GCDB lines, they were digitized on screen from 1:24,000 scale Geological Survey Digital Raster Graphics (DRGs). County Boundaries will change as the GCDB is adjusted by the BLM and those data are imported into the Cadastral Data Model. Adjusted to the version of CADNSDI at this time period 9/1/2014.</abstract>
			<purpose>County boundaries coincident with GCDB and Cadastral parcel data.</purpose>
		</descript>
		<status>
			<progress>Complete</progress>
			<update>As needed</update>
		</status>
		<spdom>
			<bounding>
				<westbc>-114.82942872</westbc>
				<eastbc>-113.267132765</eastbc>
				<northbc>47.621973095</northbc>
				<southbc>46.614173736</southbc>
			</bounding>
		</spdom>
		<keywords>
			<theme>
				<themekt>None</themekt>
				<themekey>county</themekey>
				<themekey>Montana counties</themekey>
				<themekey>governmental units</themekey>
				<themekey>counties</themekey>
				<themekey>Montana county boundary</themekey>
				<themekey>county lines</themekey>
				<themekey>county boundary</themekey>
				<themekey>Montana Spatial Data Infrastructure</themekey>
				<themekey>MSDI</themekey>
			</theme>
			<theme>
				<themekt>ISO 19115 Topic Category</themekt>
				<themekey>boundaries</themekey>
			</theme>
			<place>
				<placekt>None</placekt>
				<placekey>Montana</placekey>
			</place>
		</keywords>
		<accconst>None</accconst>
		<useconst>County data is best used in conjunction with the GCDB, or other data based on GCDB. The Montana State Library Geographic Information Services provides this product/service for informational purposes only. The Library did not produce it for, nor is it suitable for legal, engineering, or surveying purposes. Consumers of this information should review or consult the primary data and information sources to ascertain the viability of the information for their purposes. The Library provides these data in good faith but does not represent or warrant its accuracy, adequacy, or completeness. In no event shall the Library be liable for any incorrect results or analysis; any direct, indirect, special, or consequential damages to any party; or any lost profits arising out of or in connection with the use or the inability to use the data or the services provided. The Library makes these data and services available as a convenience to the public, and for no other purpose. The Library reserves the right to change or revise published data and/or services at any time.</useconst>
		<ptcontac>
			<cntinfo>
				<cntorgp>
					<cntorg>Montana State Library</cntorg>
					<cntper>Meghan Burns</cntper>
				</cntorgp>
				<cntpos>GIS Analyst</cntpos>
				<cntaddr>
					<addrtype>mailing</addrtype>
					<address>PO Box 201800</address>
					<city>Helena</city>
					<state>MT</state>
					<postal>59620</postal>
					<country>US</country>
				</cntaddr>
				<cntvoice>406-444-1550</cntvoice>
				<cntemail>mburns2@mt.gov</cntemail>
			</cntinfo>
		</ptcontac>
		<datacred>US Bureau of Land Management, Geographic Coordinate Database, US Geological Survey 1:24,000 Digital Raster Graphics</datacred>
		<native>Environment as of Metadata Creation: Microsoft Windows 7 Version 6.1 (Build 7601) Service Pack 1; Esri ArcGIS 10.3 (Build 4322) Service Pack N/A (Build N/A)</native>
	</idinfo>
	<dataqual>
		<complete>Complete as of 10/05/09</complete>
		<posacc>
			<horizpa>
				<horizpar>Varies on GCDB accuracy</horizpar>
			</horizpa>
		</posacc>
		<lineage>
			<srcinfo>
				<srccite>
					<citeinfo>
						<origin>U.S. Geological Survey</origin>
						<title>1:24,000 scale Digital Raster Graphics</title>
						<pubinfo>
							<pubplace>Helena, MT</pubplace>
							<publish>Montana State Library</publish>
						</pubinfo>
						<onlink>http://nris.state.mt.us/nsdi/drgpages/tifstate.html</onlink>
					</citeinfo>
				</srccite>
				<srcscale>24000</srcscale>
				<typesrc>onLine</typesrc>
				<srccitea>1:24,000 scale Digital Raster Graphics</srccitea>
				<srccontr>County lines that do not follow Public Land Survey lines were screen-digitized from these images.</srccontr>
			</srcinfo>
			<srcinfo>
				<srccite>
					<citeinfo>
						<origin>U.S. Bureau of Land Management</origin>
						<title>Geographic Coordinate Database</title>
						<pubinfo>
							<pubplace>Billings, MT</pubplace>
							<publish>U.S. Bureau of Land Management, Montana/Dakotas Cadastral Survey</publish>
						</pubinfo>
						<onlink>http://www.mt.blm.gov/cadastral/gcdb/index.html</onlink>
					</citeinfo>
				</srccite>
				<typesrc>onLine</typesrc>
				<srccitea>Geographic Coordinate Database</srccitea>
				<srccontr>This is the source of all county lines that follow Public Land Survey lines.</srccontr>
			</srcinfo>
			<procstep>
				<procdesc>County boundaries were adjusted  to the latest CadNSDI.</procdesc>
				<proccont>
					<cntinfo>
						<cntorgp>
							<cntorg>Montana State Library</cntorg>
							<cntper>Meghan Burns</cntper>
						</cntorgp>
						<cntpos>GIS Analyst</cntpos>
						<cntaddr>
							<addrtype>mailing</addrtype>
							<address>PO Box 201800</address>
							<city>Helena</city>
							<state>MT</state>
							<postal>59620</postal>
							<country>US</country>
						</cntaddr>
						<cntvoice>4064441550</cntvoice>
						<cntemail>mburns2@mt.gov</cntemail>
					</cntinfo>
				</proccont>
			</procstep>
			<procstep>
				<procdesc>County boundaries when coincident with the PLSS were copied from original GCDB data downloaded from the Montana State BLM Office. Based on recent observations, this GCDB data varies somewhat from what is available at the Denver GCDB LSIS site and BLM needs to coordinate to ensure one standard version of GCDB. The boundaries that are not coincident with PLSS, rivers and other topographic features, were on screen digitized from the USGS raster graphics. Discrepencies were researched when encountered, however this is not meant to represent a legal survey of Montana county boundaries</procdesc>
				<procdate>unknown</procdate>
			</procstep>
		</lineage>
	</dataqual>
	<spdoinfo>
		<direct>Vector</direct>
		<ptvctinf>
			<sdtsterm>
				<sdtstype>G-polygon</sdtstype>
				<ptvctcnt>3</ptvctcnt>
			</sdtsterm>
		</ptvctinf>
	</spdoinfo>
	<spref>
		<horizsys>
			<planar>
				<gridsys>
					<gridsysn>State Plane Coordinate System 1983</gridsysn>
					<spcs>
						<spcszone>2500</spcszone>
						<lambertc>
							<stdparll>45.0</stdparll>
							<stdparll>49.0</stdparll>
							<longcm>-109.5</longcm>
							<latprjo>44.25</latprjo>
							<feast>600000.0</feast>
							<fnorth>0.0</fnorth>
						</lambertc>
					</spcs>
				</gridsys>
				<planci>
					<plance>coordinate pair</plance>
					<coordrep>
						<absres>0.6096</absres>
						<ordres>0.6096</ordres>
					</coordrep>
					<plandu>Meter</plandu>
				</planci>
			</planar>
			<geodetic>
				<horizdn>D_North_American_1983</horizdn>
				<ellips>GRS_1980</ellips>
				<semiaxis>6378137.0</semiaxis>
				<denflat>298.257222101</denflat>
			</geodetic>
		</horizsys>
	</spref>
	<eainfo>
		<detailed Name="Fire_Worst_Case_ph2">
			<enttyp>
				<enttypl>Attribute Table</enttypl>
				<enttypd>Table containing attribute information associated with the data set.</enttypd>
				<enttypds>Producer defined</enttypds>
			</enttyp>
			<attr>
				<attrlabl>OBJECTID_1</attrlabl>
				<attrdef>Internal feature number.</attrdef>
				<attrdefs>Esri</attrdefs>
				<attrdomv>
					<rdom>
						<rdommin>1</rdommin>
						<rdommax>4</rdommax>
					</rdom>
				</attrdomv>
			</attr>
			<attr>
				<attrlabl>Shape_Leng</attrlabl>
				<attrdef>Feature Length</attrdef>
				<attrdefs>Producer defined</attrdefs>
				<attrdomv>
					<rdom>
						<rdommin>192650.059811</rdommin>
						<rdommax>1081529.56134</rdommax>
					</rdom>
				</attrdomv>
			</attr>
			<attr>
				<attrlabl>Shape_Area</attrlabl>
				<attrdef>Feature Area</attrdef>
				<attrdefs>Producer defined</attrdefs>
				<attrdomv>
					<rdom>
						<rdommin>161213188.13</rdommin>
						<rdommax>6353483146.93</rdommax>
					</rdom>
				</attrdomv>
			</attr>
			<attr>
				<attrlabl>lookup_val</attrlabl>
				<attrdef>lookup_val is a number assigned to each polygon. The number has no meaning, but the text associated with the value does and can be found on GitHub in a file called snugget.csv</attrdef>
				<attrdefs>Producer defined</attrdefs>
				<attrdomv>
					<edom>
						<edomv>1</edomv>
						<edomvd>Inside town farther than 0.5 miles so most likely safe from wildfire</edomvd>
						<edomvds>Producer defined</edomvds>
					</edom>
				</attrdomv>
				<attrdomv>
					<edom>
						<edomv>2</edomv>
						<edomvd>Within 0.5 miles of town edge so could be at risk of wildfire</edomvd>
						<edomvds>Producer defined</edomvds>
					</edom>
				</attrdomv>
				<attrdomv>
					<edom>
						<edomv>3</edomv>
						<edomvd>Outside of town boundaries so susceptible to large scale wildfire if conditions are correct.</edomvd>
						<edomvds>Producer defined</edomvds>
					</edom>
				</attrdomv>
			</attr>
		</detailed>
		<overview>
			<eaover>The entity and attribute information provided here describes the tabular data associated with the data set. Please review the detailed descriptions that are provided (the individual attribute descriptions) for information on the values that appear as fields/table entries of the data set.</eaover>
			<eadetcit>The entity and attribute information was generated by the individual and/or agency identified as the originator of the data set. Please review the rest of the metadata record for additional details and information.</eadetcit>
		</overview>
	</eainfo>
	<distinfo>
		<distrib>
			<cntinfo>
				<cntorgp>
					<cntorg>Montana State Library</cntorg>
					<cntper>Meghan Burns</cntper>
				</cntorgp>
				<cntpos>GIS Analyst</cntpos>
				<cntaddr>
					<addrtype>mailing</addrtype>
					<address>PO Box 201800</address>
					<city>Helena</city>
					<state>MT</state>
					<postal>59620</postal>
					<country>US</country>
				</cntaddr>
				<cntvoice>406-444-1550</cntvoice>
				<cntemail>mburns2@mt.gov</cntemail>
			</cntinfo>
		</distrib>
		<resdesc>downloadable data</resdesc>
		<distliab>The Montana State Library Geographic Information Services provides this product/service for informational purposes only. The Library did not produce it for, nor is it suitable for legal, engineering, or surveying purposes. Consumers of this information should review or consult the primary data and information sources to ascertain the viability of the information for their purposes. The Library provides these data in good faith but does not represent or warrant its accuracy, adequacy, or completeness. In no event shall the Library be liable for any incorrect results or analysis; any direct, indirect, special, or consequential damages to any party; or any lost profits arising out of or in connection with the use or the inability to use the data or the services provided. The Library makes these data and services available as a convenience to the public, and for no other purpose. The Library reserves the right to change or revise published data and/or services at any time.</distliab>
		<stdorder>
			<digform>
				<digtinfo>
					<formname>Vector Digital Data Set (Polygon)</formname>
				</digtinfo>
				<digtopt>
					<onlinopt>
						<computer>
							<networka>
								<networkr>ftp://gis.doa.state.mt.us/download/cadastral/mtcounties.mdb</networkr>
							</networka>
						</computer>
					</onlinopt>
				</digtopt>
			</digform>
		</stdorder>
	</distinfo>
	<metainfo>
		<metd>20160414</metd>
		<metc>
			<cntinfo>
				<cntorgp>
					<cntorg>Montana State Library</cntorg>
					<cntper>Meghan Burns</cntper>
				</cntorgp>
				<cntpos>GIS Analyst</cntpos>
				<cntaddr>
					<addrtype>mailing</addrtype>
					<address>PO Box 201800</address>
					<city>Helena</city>
					<state>MT</state>
					<postal>59620</postal>
					<country>US</country>
				</cntaddr>
				<cntvoice>4064441550</cntvoice>
			</cntinfo>
		</metc>
		<metstdn>FGDC Content Standard for Digital Geospatial Metadata</metstdn>
		<metstdv>FGDC-STD-001-1998</metstdv>
		<mettc>local time</mettc>
	</metainfo>
	<Esri><DataProperties><itemProps><itemLocation><linkage Sync="TRUE">file://\\CARSONVM\C$\Users\Carson\Desktop\MissoulaReady\Metadata\Fire_Worst_Case_ph2_FGDC</linkage><protocol Sync="TRUE">Local Area Network</protocol></itemLocation></itemProps><copyHistory><copy source="C:\Users\Carson\Desktop\MissoulaReady\Metadata\Fire_WorstCase\Fire_Worst_Case_ph2_FGDC" dest="\\CARSONVM\C$\Users\Carson\Desktop\MissoulaReady\Metadata\Fire_Worst_Case_ph2_FGDC" date="20160720" time="16272000"></copy></copyHistory></DataProperties></Esri></metadata>
