<?xml version="1.0" encoding="UTF-8"?>
<metadata>
	<idinfo>
		<citation>
			<citeinfo>
				<origin>Carson MacPherson-Krutsky</origin>
				<origin>Rebecca Bendick (Advisor)</origin>
				<pubdate>20150911</pubdate>
				<title>Worst case flood regions (500yr+) estimated for Missoula County, MT 2015 floodplain boundaries</title>
				<edition>2015</edition>
				<geoform>Vector Digital Data Set (Polygon)</geoform>
				<onlink>https://github.com/missoula-ready/disaster-preparedness</onlink>
				<lworkcit>
					<citeinfo>
						<origin>Carson MacPherson-Krutsky</origin>
						<origin>Rebecca Bendick</origin>
						<pubdate>20160101</pubdate>
						<title>HazardReady-HazardReady: a geographically based natural hazard education and preparedness web application</title>
						<geoform>Ongoing Project</geoform>
						<serinfo>
							<sername>Natural Hazards and Earth Systems Science</sername>
							<issue>in prep</issue>
						</serinfo>
						<pubinfo>
							<pubplace>natural-hazards-and-earth-system-sciences.net</pubplace>
							<publish>NHESS</publish>
						</pubinfo>
						<onlink>natural-hazards-and-earth-system-sciences.net</onlink>
					</citeinfo>
				</lworkcit>
			</citeinfo>
		</citation>
		<descript>
			<abstract>This shapefile was created for MissoulaReady. The purpose of this shapefile is to highlight areas of concern if a very large flood came through Missoula County, one that would impact all major rivers and nearby communities. The FEMA DFIRM flood map represents flood boundaries for a 100-year to 500-year flood or floods with 1.0% - 0.2%-annual chance, respectively. This doesn’t take into account larger floods and does not distinguish between the two. This means some areas could see flooding that aren’t accounted for in this map. To estimate a worst-case scenario situation we extended the floodplain borders by 500 feet and extended areas near other rivers by 250 feet on each side.</abstract>
			<purpose>This dataset was built off of existing information the FEMA DFIRM floodplain map and the 100K streams file. It should only be used for the MissoulaReady website.</purpose>
		</descript>
		<timeperd>
			<timeinfo>
				<sngdate>
					<caldate>20150911</caldate>
				</sngdate>
			</timeinfo>
			<current>publication date</current>
		</timeperd>
		<status>
			<progress>Complete</progress>
			<update>As needed</update>
		</status>
		<spdom>
			<bounding>
				<westbc>-114.82942872</westbc>
				<eastbc>-113.267132765</eastbc>
				<northbc>47.621973095</northbc>
				<southbc>46.614173736</southbc>
			</bounding>
		</spdom>
		<keywords>
			<theme>
				<themekt>None</themekt>
				<themekey>county</themekey>
				<themekey>Montana counties</themekey>
				<themekey>governmental units</themekey>
				<themekey>counties</themekey>
				<themekey>Montana county boundary</themekey>
				<themekey>county lines</themekey>
				<themekey>county boundary</themekey>
				<themekey>Montana Spatial Data Infrastructure</themekey>
				<themekey>MSDI</themekey>
				<themekey>floodplain</themekey>
				<themekey>natural hazard</themekey>
			</theme>
			<theme>
				<themekt>ISO 19115 Topic Category</themekt>
				<themekey>boundaries</themekey>
			</theme>
			<place>
				<placekt>None</placekt>
				<placekey>Montana</placekey>
			</place>
		</keywords>
		<accconst>None</accconst>
		<useconst>Please contact dataset creators before using.</useconst>
		<ptcontac>
			<cntinfo>
				<cntorgp>
					<cntorg>University of Montana</cntorg>
					<cntper>Carson MacPherson-Krutsky</cntper>
				</cntorgp>
				<cntpos>Graduate Student</cntpos>
				<cntaddr>
					<addrtype>Mailing</addrtype>
					<address>32 Campus Drive</address>
					<city>Missoula</city>
					<state>MT</state>
					<postal>59812</postal>
					<country>US</country>
				</cntaddr>
				<cntvoice>206-832-7590</cntvoice>
				<cntemail>carsonmk@gmail.com</cntemail>
			</cntinfo>
		</ptcontac>
		<native>Environment as of Metadata Creation: Microsoft Windows 7 Version 6.1 (Build 7601) Service Pack 1; Esri ArcGIS 10.3 (Build 4322) Service Pack N/A (Build N/A)</native>
	</idinfo>
	<dataqual>
		<attracc>
			<attraccr>This is a dataset that is an approximate/best guess for where floodwaters would reach if a massive (500yr+) flood occured in Missoula. This dataset does not represent real inundation boundaries.</attraccr>
		</attracc>
		<logic>The information provided is as accurate as possible.</logic>
		<complete>This represents a worst-case scenario flood that could occur in Missoula County, but does not predict when or how of if this may occur.</complete>
		<lineage>
			<srcinfo>
				<srccite>
					<citeinfo>
						<origin>Montana State Library</origin>
						<pubdate>20150622</pubdate>
						<title>Missoula County Boundary</title>
						<geoform>Vector Digital Data Set</geoform>
						<pubinfo>
							<pubplace>Helena, MT</pubplace>
							<publish>Montana State Library</publish>
						</pubinfo>
						<onlink>http://ftp.geoinfo.msl.gov/Data/Spatial/MSDI/AdministrativeBoundaries/</onlink>
					</citeinfo>
				</srccite>
				<srcscale>24000</srcscale>
				<typesrc>Digital and/or Hardcopy Resources</typesrc>
				<srctime>
					<timeinfo>
						<sngdate>
							<caldate>20150622</caldate>
						</sngdate>
					</timeinfo>
					<srccurr>publication date</srccurr>
				</srctime>
				<srccitea>Missoula_Cnty_Bound</srccitea>
				<srccontr>Source information used in support of the development of the data set..</srccontr>
			</srcinfo>
			<srcinfo>
				<srccite>
					<citeinfo>
						<origin>Montana State Library</origin>
						<pubdate>19930720</pubdate>
						<title>Montana Major Streams and Lakes</title>
						<geoform>Vector Digital Data Set</geoform>
						<pubinfo>
							<pubplace>Helena, MT</pubplace>
							<publish>U.S. Bureau of Land Management, Montana/Dakotas Cadastral Survey</publish>
						</pubinfo>
						<onlink>http://ftp.geoinfo.msl.mt.gov/Data/Spatial/NonMSDI/Shapefiles/Stream_Lake_1993.zip</onlink>
					</citeinfo>
				</srccite>
				<typesrc>Digital and/or Hardcopy Resources</typesrc>
				<srctime>
					<timeinfo>
						<sngdate>
							<caldate>19930720</caldate>
						</sngdate>
					</timeinfo>
					<srccurr>publication date</srccurr>
				</srctime>
				<srccitea>100k Streams</srccitea>
				<srccontr>Source information used in support of the development of the data set.</srccontr>
			</srcinfo>
			<srcinfo>
				<srccite>
					<citeinfo>
						<origin>MT Dept of Natural Resources</origin>
						<pubdate>20150619</pubdate>
						<title>FLOODPLAIN, MISSOULA COUNTY, MONTANA, USA</title>
						<geoform>Vector Digital Data Set</geoform>
						<pubinfo>
							<pubplace>Washington, DC</pubplace>
							<publish>Federal Emergency Management Agency</publish>
						</pubinfo>
						<onlink>http://hazards.fema.gov</onlink>
					</citeinfo>
				</srccite>
				<typesrc>Digital and/or Hardcopy Resources</typesrc>
				<srctime>
					<timeinfo>
						<sngdate>
							<caldate>20150619</caldate>
						</sngdate>
					</timeinfo>
					<srccurr>publication date</srccurr>
				</srctime>
				<srccitea>FEMA Flood Map- Missoula Cnty</srccitea>
				<srccontr>Source information used in support of the development of the data set.</srccontr>
			</srcinfo>
			<procstep>
				<procdesc>1)  The FEMA DFIRM shapefile and the 100K Streams file were used.
2)  The FEMADES A, AE, AE Floodway, AH, AO, Shaded X, and X from the FEMA DFIRM shapefile were highlighted and then exported as a new shapefile floodplain_Extract. 
3)  The Buffer tool was used on the floodplain_Extract shapefile and set to geodesic and 500 feet to create flood_500_buffer.  The buffer was then merged with the Floodplain Extract shapefile to create flood_buffer_merge.
4)  The lake boundaries were extracted from the 100K Streams file to create two separate files, stream_lines and lakes. The lakes data was changed from line to polygon format using the Feature to Polygon tool. 
5) The stream_lines file was then clipped by the flood_buffer_merge file to create stream_clipped. Stream_clipped was buffered by 250 feet using the Buffer tool, stream_250_buffer. 
6)  The shapefiles were now, the FEMA floodplain boundaries, a 500-foot buffer around them, lakes, and a 250-foot buffer around smaller rivers. These layers were all merged, flood_all_merge. The Draw tool was then used to make sure there were no overlapping zones near lake edges and river buffers.
7)  The Symmetrical Difference tool was used with the Missoula County Boundary as the input and the flood_all_merge as the update feature to create Missoula_flood_cutout. Missoula_flood_cutout was then merged with flood all merge.
8) The attribute table was simplified and a lookup_val column was added and populated with values to create 6 distinct regions.</procdesc>
				<procdate>20160212</procdate>
			</procstep>
		</lineage>
	</dataqual>
	<spdoinfo>
		<direct>Vector</direct>
		<ptvctinf>
			<sdtsterm>
				<sdtstype>G-polygon</sdtstype>
				<ptvctcnt>6</ptvctcnt>
			</sdtsterm>
		</ptvctinf>
	</spdoinfo>
	<spref>
		<horizsys>
			<planar>
				<gridsys>
					<gridsysn>State Plane Coordinate System 1983</gridsysn>
					<spcs>
						<spcszone>2500</spcszone>
						<lambertc>
							<stdparll>45.0</stdparll>
							<stdparll>49.0</stdparll>
							<longcm>-109.5</longcm>
							<latprjo>44.25</latprjo>
							<feast>600000.0</feast>
							<fnorth>0.0</fnorth>
						</lambertc>
					</spcs>
				</gridsys>
				<planci>
					<plance>coordinate pair</plance>
					<coordrep>
						<absres>0.6096</absres>
						<ordres>0.6096</ordres>
					</coordrep>
					<plandu>Meter</plandu>
				</planci>
			</planar>
			<geodetic>
				<horizdn>D_North_American_1983</horizdn>
				<ellips>GRS_1980</ellips>
				<semiaxis>6378137.0</semiaxis>
				<denflat>298.257222101</denflat>
			</geodetic>
		</horizsys>
	</spref>
	<eainfo>
		<detailed Name="Flood_Worst_Case">
			<enttyp>
				<enttypl>Attribute Table</enttypl>
				<enttypd>Table containing attribute information associated with the data set.</enttypd>
				<enttypds>Producer defined</enttypds>
			</enttyp>
			<attr>
				<attrlabl>lookup_val</attrlabl>
				<attrdef>Lookup value is used to connect regions with snugget.csv that contains text explaining attributes. contact Carson for more information carson.m-krutsky@umontana.edu</attrdef>
				<attrdefs>Producer defined</attrdefs>
				<attrdomv>
					<edom>
						<edomv>1</edomv>
						<edomvd>Outside of main areas impacted by a large flood</edomvd>
						<edomvds>Producer defined</edomvds>
					</edom>
				</attrdomv>
				<attrdomv>
					<edom>
						<edomv>2</edomv>
						<edomvd>Lakes in Missoula County</edomvd>
						<edomvds>Producer defined</edomvds>
					</edom>
				</attrdomv>
				<attrdomv>
					<edom>
						<edomv>3</edomv>
						<edomvd>The area within 250 feet of 100k streams in Missoula County</edomvd>
						<edomvds>Producer defined</edomvds>
					</edom>
				</attrdomv>
				<attrdomv>
					<edom>
						<edomv>4</edomv>
						<edomvd>Areas protected by levees that may not be in the event of a large flood</edomvd>
						<edomvds>Producer defined</edomvds>
					</edom>
				</attrdomv>
				<attrdomv>
					<edom>
						<edomv>5</edomv>
						<edomvd>The area within 500 feet fo floodplain boundaries  in Missoula County</edomvd>
						<edomvds>Producer defined</edomvds>
					</edom>
				</attrdomv>
				<attrdomv>
					<edom>
						<edomv>6</edomv>
						<edomvd>Area within currently mapped floodplain for Missoula County. This will flood in 500-yr flooed event.</edomvd>
						<edomvds>Producer defined</edomvds>
					</edom>
				</attrdomv>
			</attr>
			<attr>
				<attrlabl>Shape_Leng</attrlabl>
				<attrdef>Unknown</attrdef>
				<attrdefs>Producer defined</attrdefs>
				<attrdomv>
					<rdom>
						<rdommin>10976.5333487</rdommin>
						<rdommax>2206381.87562</rdommax>
					</rdom>
				</attrdomv>
			</attr>
			<attr>
				<attrlabl>Shape_Area</attrlabl>
				<attrdef>Area of feature in internal units squared.</attrdef>
				<attrdefs>Esri</attrdefs>
				<attrdomv>
					<rdom>
						<rdommin>554839.271211</rdommin>
						<rdommax>6427009148.29</rdommax>
					</rdom>
				</attrdomv>
			</attr>
			<attr>
				<attrlabl>decrip</attrlabl>
				<attrdef>Unknown</attrdef>
				<attrdefs>Producer defined</attrdefs>
				<attrdomv>
					<edom>
						<edomv>250 ft buffer from known river</edomv>
						<edomvd>Unknown</edomvd>
						<edomvds>Producer defined</edomvds>
					</edom>
				</attrdomv>
				<attrdomv>
					<edom>
						<edomv>500 ft buffer from known floodplain</edomv>
						<edomvd>Unknown</edomvd>
						<edomvds>Producer defined</edomvds>
					</edom>
				</attrdomv>
				<attrdomv>
					<edom>
						<edomv>Area outside known floodplain and river buffers (500ft on major streams and 250ft on smaller)</edomv>
						<edomvd>Unknown</edomvd>
						<edomvds>Producer defined</edomvds>
					</edom>
				</attrdomv>
				<attrdomv>
					<edom>
						<edomv>Area within current floodplain</edomv>
						<edomvd>Unknown</edomvd>
						<edomvds>Producer defined</edomvds>
					</edom>
				</attrdomv>
				<attrdomv>
					<edom>
						<edomv>Lake</edomv>
						<edomvd>Unknown</edomvd>
						<edomvds>Producer defined</edomvds>
					</edom>
				</attrdomv>
				<attrdomv>
					<edom>
						<edomv>Levee protected area</edomv>
						<edomvd>Unknown</edomvd>
						<edomvds>Producer defined</edomvds>
					</edom>
				</attrdomv>
			</attr>
		</detailed>
		<overview>
			<eaover>The entity and attribute information provided here describes the tabular data associated with the data set. Please review the detailed descriptions that are provided (the individual attribute descriptions) for information on the values that appear as fields/table entries of the data set.</eaover>
			<eadetcit>The entity and attribute information was generated by the individual and/or agency identified as the originator of the data set. Please review the rest of the metadata record for additional details and information.</eadetcit>
		</overview>
	</eainfo>
	<distinfo>
		<distrib>
			<cntinfo>
				<cntorgp>
					<cntorg>University of Montana</cntorg>
					<cntper>Carson MacPherson-Krutsky</cntper>
				</cntorgp>
				<cntpos>Graduate Student</cntpos>
				<cntaddr>
					<addrtype>Mailing</addrtype>
					<address>32 Campus Drive</address>
					<city>Missoula</city>
					<state>MT</state>
					<postal>59812</postal>
					<country>US</country>
				</cntaddr>
				<cntvoice>206-832-7590</cntvoice>
				<cntemail>carsonmk@gmail.com</cntemail>
			</cntinfo>
		</distrib>
		<resdesc>downloadable data</resdesc>
		<distliab>This data does not represent the true inundation boundaries of a major flood in the county. It is a best estimate and should be used with this understanding.</distliab>
		<stdorder>
			<digform>
				<digtinfo>
					<formname>Vector Digital Data Set (Polygon)</formname>
				</digtinfo>
				<digtopt>
					<onlinopt>
						<computer>
							<networka>
								<networkr>https://github.com/missoula-ready/disaster-preparedness</networkr>
							</networka>
						</computer>
					</onlinopt>
				</digtopt>
			</digform>
			<fees>None. No fees are applicable for obtaining the data set.</fees>
		</stdorder>
	</distinfo>
	<metainfo>
		<metd>20160720</metd>
		<metc>
			<cntinfo>
				<cntorgp>
					<cntorg>University of Montana</cntorg>
					<cntper>Carson MacPherson-Krutsky</cntper>
				</cntorgp>
				<cntpos>Graduate Student</cntpos>
				<cntaddr>
					<addrtype>Mailing</addrtype>
					<address>32 Campus Drive</address>
					<city>Missoula</city>
					<state>MT</state>
					<postal>59812</postal>
					<country>US</country>
				</cntaddr>
				<cntvoice>206-832-7590</cntvoice>
				<cntemail>carsonmk@gmail.com</cntemail>
			</cntinfo>
		</metc>
		<metstdn>FGDC Content Standard for Digital Geospatial Metadata</metstdn>
		<metstdv>FGDC-STD-001-1998</metstdv>
		<mettc>local time</mettc>
	</metainfo>
	<Esri><DataProperties><itemProps><itemLocation><linkage Sync="TRUE">file://\\CARSONVM\C$\Users\Carson\Desktop\MissoulaReady\Metadata\Flood_Worst_Case_FGDC</linkage><protocol Sync="TRUE">Local Area Network</protocol></itemLocation></itemProps><copyHistory><copy source="C:\Users\Carson\Desktop\MissoulaReady\Metadata\Flood_WorstCase\Flood_Worst_Case_FGDC" dest="\\CARSONVM\C$\Users\Carson\Desktop\MissoulaReady\Metadata\Flood_Worst_Case_FGDC" date="20160720" time="16270800"></copy></copyHistory></DataProperties></Esri></metadata>
