<?xml version="1.0" encoding="UTF-8"?>
<metadata>
	<idinfo>
		<citation>
			<citeinfo>
				<origin>DTM Consulting</origin>
				<origin>Applied Geomorphology Inc.</origin>
				<origin>appended by Carson MacPherson-Krutsky</origin>
				<pubdate>20150212</pubdate>
				<title>Flood_Channel_Migration_Zones</title>
				<edition>2015</edition>
				<geoform>Vector Digital Data Set (Polygon)</geoform>
				<onlink>https://github.com/missoula-ready/disaster-preparedness</onlink>
				<lworkcit>
					<citeinfo>
						<origin>Carson MacPherson-Krutsky</origin>
						<origin>Rebecca Bendick (Advisor)</origin>
						<pubdate>20160418</pubdate>
						<title>HazardReady: a geographically based natural hazard education and preparedness web application</title>
						<geoform>Website</geoform>
						<pubinfo>
							<pubplace>Missoula</pubplace>
							<publish>University of Montana</publish>
						</pubinfo>
						<onlink>hazardready.org</onlink>
					</citeinfo>
				</lworkcit>
			</citeinfo>
		</citation>
		<descript>
			<abstract>This shapefile was created for MissoulaReady. Rivers migrate/move over time. This shapefile represents areas where the river has moved in the past and may move in the future in Missoula County. These areas are called Historic Migration Zones (HMZ) and Avulsion Hazard Zones (AHZ). Two previous CMZ shapefiles were combined to create this shapefile along with the Missoula County Boundary. Both CMZ files were developed by DTM Consulting and Applied Geomorphology.
From originall metadata: "A Channel Migration Zone map and associated report was completed for approximately 20 miles of the Clark Fork River from the Bitterroot River confluence, downstream to the Six Mile Creek confluence near Huson. Channel Migration Zone mapping is based on the understanding that rivers are dynamic and move laterally across their floodplains through time. Over any given time period, rivers occupy a corridor area whose width is dependent on rates of bank erosion."</abstract>
			<purpose>These datasets were combined for use in hazardready.org. They were adapted from the original format to make them queryable.</purpose>
		</descript>
		<timeperd>
			<timeinfo>
				<sngdate>
					<caldate>20150212</caldate>
				</sngdate>
			</timeinfo>
			<current>publication date</current>
		</timeperd>
		<status>
			<progress>Complete</progress>
			<update>As needed</update>
		</status>
		<spdom>
			<bounding>
				<westbc>-114.82942872</westbc>
				<eastbc>-113.267132765</eastbc>
				<northbc>47.621973095</northbc>
				<southbc>46.614173736</southbc>
			</bounding>
		</spdom>
		<keywords>
			<theme>
				<themekt>None</themekt>
				<themekey>county</themekey>
				<themekey>Montana counties</themekey>
				<themekey>governmental units</themekey>
				<themekey>counties</themekey>
				<themekey>Montana county boundary</themekey>
				<themekey>county lines</themekey>
				<themekey>county boundary</themekey>
				<themekey>Montana Spatial Data Infrastructure</themekey>
				<themekey>MSDI</themekey>
				<themekey>Natural Hazard</themekey>
				<themekey>Channel Migration</themekey>
				<themekey>Hazard Ready</themekey>
			</theme>
			<theme>
				<themekt>ISO 19115 Topic Category</themekt>
				<themekey>boundaries</themekey>
			</theme>
			<place>
				<placekt>None</placekt>
				<placekey>Montana</placekey>
				<placekey>Missoula</placekey>
			</place>
		</keywords>
		<accconst>No access constraints exist</accconst>
		<useconst>Please contact metadata creator before using data.</useconst>
		<ptcontac>
			<cntinfo>
				<cntorgp>
					<cntorg>University of Montana</cntorg>
					<cntper>Carson MacPherson-Krutsky</cntper>
				</cntorgp>
				<cntpos>Graduate Student</cntpos>
				<cntaddr>
					<addrtype>Mailing</addrtype>
					<address>32 Campus Drive</address>
					<city>Missoula</city>
					<state>MT</state>
					<postal>59812</postal>
					<country>US</country>
				</cntaddr>
				<cntvoice>206-832-7590</cntvoice>
				<cntemail>carsonmk@gmail.com</cntemail>
			</cntinfo>
		</ptcontac>
		<native>Environment as of Metadata Creation: Microsoft Windows 7 Version 6.1 (Build 7601) Service Pack 1; Esri ArcGIS 10.3 (Build 4322) Service Pack N/A (Build N/A)</native>
	</idinfo>
	<dataqual>
		<attracc>
			<attraccr>The values are based off of a previous study and are only as accurate as their estimates.</attraccr>
		</attracc>
		<logic>No formal accuracy tests were completed.</logic>
		<complete>Complete as of 10/05/09</complete>
		<lineage>
			<srcinfo>
				<srccite>
					<citeinfo>
						<origin>Applied Geomorphology Inc.&amp; DTM Consulting</origin>
						<pubdate>20090101</pubdate>
						<title>Clark Form CMZ Study</title>
						<geoform>Vector Digital Data Set</geoform>
						<pubinfo>
							<pubplace>Helena, MT</pubplace>
							<publish>Montana State Library</publish>
						</pubinfo>
						<onlink>ftp://ftp.geoinfo.msl.mt.gov/Data/Spatial/NonMSDI/Collections/CMZ/CMZ_ClarkFork2009.zip</onlink>
					</citeinfo>
				</srccite>
				<typesrc>Digital and/or Hardcopy Resources</typesrc>
				<srctime>
					<timeinfo>
						<sngdate>
							<caldate>20090101</caldate>
						</sngdate>
					</timeinfo>
					<srccurr>publication date</srccurr>
				</srctime>
				<srccitea>CMZ Study</srccitea>
				<srccontr>this data was used to develop the final dataset</srccontr>
			</srcinfo>
			<srcinfo>
				<srccite>
					<citeinfo>
						<origin>Meghan Burns</origin>
						<pubdate>20151030</pubdate>
						<title>Missoula County Boundary</title>
						<geoform>Vector Digital Data Set</geoform>
						<pubinfo>
							<pubplace>Helena, MT</pubplace>
							<publish>Montana State Library</publish>
						</pubinfo>
						<onlink>ftp://gis.doa.state.mt.us/download/cadastral/mtcounties.mdb</onlink>
					</citeinfo>
				</srccite>
				<typesrc>Digital and/or Hardcopy Resources</typesrc>
				<srctime>
					<timeinfo>
						<sngdate>
							<caldate>20151030</caldate>
						</sngdate>
					</timeinfo>
					<srccurr>publication date</srccurr>
				</srctime>
				<srccitea>Missoula County</srccitea>
				<srccontr>This is the source of all county lines that follow Public Land Survey lines.</srccontr>
			</srcinfo>
			<procstep>
				<procdesc>1) Two channel migration zone  (CMZ) shapefiles for the Missoula County were imported. One for the region from the confluence of the Bitterroot with the Clark Fork Rivers downstream to Huson, MT (CMZ-1) and the other from the confluence upstream of the Clark Fork and upstream of the Bitterroot Rivers to just outside the edge of the county (CMZ-2).
2) CMZ-2 was clipped by CMZ-1 and the Missoula County boundary shapefile.
3) Clipped CMZ-2 and CMZ-1 were merged to create CMZ-3. 
4) The Symmetrical Difference tool was used with the Missoula County boundary as the input feature and CMZ-3 as the update file. Missoula County with the CMZ areas cut out was then merged with the CMZ-3. The final shapefile contained each CMZ zone and a region with no CMZ information/null. 
5) A lookup_val field was created in the attribute table and unique values were given to the various CMZ zones (Null, AHZ, All75, All2, HMZ, Channel). Then the Dissolve tool was used to simplify polygons.</procdesc>
				<procdate>Unknown</procdate>
			</procstep>
			<procstep>
				<procdesc>County boundaries when coincident with the PLSS were copied from original GCDB data downloaded from the Montana State BLM Office. Based on recent observations, this GCDB data varies somewhat from what is available at the Denver GCDB LSIS site and BLM needs to coordinate to ensure one standard version of GCDB. The boundaries that are not coincident with PLSS, rivers and other topographic features, were on screen digitized from the USGS raster graphics. Discrepencies were researched when encountered, however this is not meant to represent a legal survey of Montana county boundaries</procdesc>
				<procdate>unknown</procdate>
			</procstep>
		</lineage>
	</dataqual>
	<spdoinfo>
		<direct>Vector</direct>
		<ptvctinf>
			<sdtsterm>
				<sdtstype>G-polygon</sdtstype>
				<ptvctcnt>6</ptvctcnt>
			</sdtsterm>
		</ptvctinf>
	</spdoinfo>
	<spref>
		<horizsys>
			<planar>
				<gridsys>
					<gridsysn>State Plane Coordinate System 1983</gridsysn>
					<spcs>
						<spcszone>2500</spcszone>
						<lambertc>
							<stdparll>45.0</stdparll>
							<stdparll>49.0</stdparll>
							<longcm>-109.5</longcm>
							<latprjo>44.25</latprjo>
							<feast>600000.0</feast>
							<fnorth>0.0</fnorth>
						</lambertc>
					</spcs>
				</gridsys>
				<planci>
					<plance>coordinate pair</plance>
					<coordrep>
						<absres>0.6096</absres>
						<ordres>0.6096</ordres>
					</coordrep>
					<plandu>Meter</plandu>
				</planci>
			</planar>
			<geodetic>
				<horizdn>D_North_American_1983</horizdn>
				<ellips>GRS_1980</ellips>
				<semiaxis>6378137.0</semiaxis>
				<denflat>298.257222101</denflat>
			</geodetic>
		</horizsys>
	</spref>
	<eainfo>
		<detailed Name="Flood_Channel_Migration_Zones">
			<enttyp>
				<enttypl>Attribute Table</enttypl>
				<enttypd>Table containing attribute information associated with the data set.</enttypd>
				<enttypds>Producer defined</enttypds>
			</enttyp>
			<attr>
				<attrlabl>OBJECTID</attrlabl>
				<attrdef>Internal feature number.</attrdef>
				<attrdefs>Esri</attrdefs>
				<attrdomv>
					<rdom>
						<rdommin>1</rdommin>
						<rdommax>6</rdommax>
					</rdom>
				</attrdomv>
			</attr>
			<attr>
				<attrlabl>lookup_val</attrlabl>
				<attrdef>Lookup values are used to correlate text in a csv file with polygons in this shapefile. These regions denote different types of channel migration relevant zones.</attrdef>
				<attrdefs>DTM Consulting and Applied Geomorphology Inc.</attrdefs>
				<attrdomv>
					<edom>
						<edomv>AHZ</edomv>
						<edomvd>Areas where topographic conditions suggest potential channel relocation or reactivation are mapped in PINK as the APZ. These areas reflect sites where during flood events, these channels are prone to reactivation or flooding.</edomvd>
						<edomvds>DTM Consulting and Applied Geomorphology Inc.</edomvds>
					</edom>
				</attrdomv>
				<attrdomv>
					<edom>
						<edomv>All2</edomv>
						<edomvd>Erosion Buffer: This reflects a calculated erosion buffer based on over one hundred measurements of channel migration. The main orange buffer is twice the mean 50-year migration rate measured for the 1955-2005 time frame.</edomvd>
						<edomvds>DTM Consulting and Applied Geomorphology Inc.</edomvds>
					</edom>
				</attrdomv>
				<attrdomv>
					<edom>
						<edomv>All75</edomv>
						<edomvd>Erosion Buffer: This reflects a calculated erosion buffer based on over one hundred measurements of channel migration. This is the buffer that extends slightly beyond reflects twice the 75th percentile value migratio measured for the 1955-2005 time frame.</edomvd>
						<edomvds>DTM Consulting and Applied Geomorphology Inc.</edomvds>
					</edom>
				</attrdomv>
				<attrdomv>
					<edom>
						<edomv>Channel</edomv>
						<edomvd>The active channel reflects the channel course in 2005</edomvd>
						<edomvds>DTM Consulting and Applied Geomorphology Inc.</edomvds>
					</edom>
				</attrdomv>
				<attrdomv>
					<edom>
						<edomv>HMZ</edomv>
						<edomvd>This unit reflects the area where active channels of the Clark Fork River have existed between 1955 and 2005.</edomvd>
						<edomvds>DTM Consulting and Applied Geomorphology Inc.</edomvds>
					</edom>
				</attrdomv>
				<attrdomv>
					<edom>
						<edomv>Null</edomv>
						<edomvd>Areas where there has been no channel migration study</edomvd>
						<edomvds>Producer Defined</edomvds>
					</edom>
				</attrdomv>
			</attr>
			<attr>
				<attrlabl>Shape_Leng</attrlabl>
				<attrdef>Unknown</attrdef>
				<attrdefs>Producer defined</attrdefs>
				<attrdomv>
					<rdom>
						<rdommin>67575.7609229</rdommin>
						<rdommax>825575.882798</rdommax>
					</rdom>
				</attrdomv>
			</attr>
			<attr>
				<attrlabl>Shape_Area</attrlabl>
				<attrdef>Unknown</attrdef>
				<attrdefs>Producer defined</attrdefs>
				<attrdomv>
					<rdom>
						<rdommin>2181369.90071</rdommin>
						<rdommax>6717038976.97</rdommax>
					</rdom>
				</attrdomv>
			</attr>
		</detailed>
		<overview>
			<eaover>The entity and attribute information provided here describes the tabular data associated with the data set. Please review the detailed descriptions that are provided (the individual attribute descriptions) for information on the values that appear as fields/table entries of the data set.</eaover>
			<eadetcit>The entity and attribute information was generated by the individual and/or agency identified as the originator of the data set. Please review the rest of the metadata record for additional details and information.</eadetcit>
		</overview>
	</eainfo>
	<distinfo>
		<distrib>
			<cntinfo>
				<cntorgp>
					<cntorg>University of Montana</cntorg>
					<cntper>Carson MacPherson-Krutsky</cntper>
				</cntorgp>
				<cntpos>Graduate Student</cntpos>
				<cntaddr>
					<addrtype>Mailing</addrtype>
					<address>32 Campus Drive</address>
					<city>Missoula</city>
					<state>MT</state>
					<postal>59812</postal>
					<country>US</country>
				</cntaddr>
				<cntvoice>206-832-7590</cntvoice>
				<cntemail>carsonmk@gmail.com</cntemail>
			</cntinfo>
		</distrib>
		<resdesc>downloadable data</resdesc>
		<distliab>This data is only for use in the MissoulaReady website. We appended existing data and claim no liability for data accuracy.</distliab>
		<stdorder>
			<digform>
				<digtinfo>
					<formname>Vector Digital Data Set (Polygon)</formname>
				</digtinfo>
				<digtopt>
					<onlinopt>
						<computer>
							<networka>
								<networkr>https://github.com/missoula-ready/disaster-preparednes</networkr>
							</networka>
						</computer>
					</onlinopt>
				</digtopt>
			</digform>
			<fees>None. No fees are applicable for obtaining the data set.</fees>
		</stdorder>
	</distinfo>
	<metainfo>
		<metd>20160720</metd>
		<metc>
			<cntinfo>
				<cntorgp>
					<cntorg>University of Montana</cntorg>
					<cntper>Carson MacPherson-Krutsky</cntper>
				</cntorgp>
				<cntpos>Graduate Student</cntpos>
				<cntaddr>
					<addrtype>Mailing</addrtype>
					<address>32 Campus Drive</address>
					<city>Missoula</city>
					<state>MT</state>
					<postal>59812</postal>
					<country>US</country>
				</cntaddr>
				<cntvoice>206-832-7590</cntvoice>
				<cntemail>carsonmk@gmail.com</cntemail>
			</cntinfo>
		</metc>
		<metstdn>FGDC Content Standard for Digital Geospatial Metadata</metstdn>
		<metstdv>FGDC-STD-001-1998</metstdv>
		<mettc>local time</mettc>
	</metainfo>
	<Esri><DataProperties><itemProps><itemLocation><linkage Sync="TRUE">file://\\CARSONVM\C$\Users\Carson\Desktop\MissoulaReady\Metadata\Flood_Channel_Migration_Zones_FGDC</linkage><protocol Sync="TRUE">Local Area Network</protocol></itemLocation></itemProps><copyHistory><copy source="C:\Users\Carson\Desktop\MissoulaReady\Metadata\Flood_Channel_Migration_Zones\Flood_Channel_Migration_Zones_FGDC" dest="\\CARSONVM\C$\Users\Carson\Desktop\MissoulaReady\Metadata\Flood_Channel_Migration_Zones_FGDC" date="20160720" time="17174100"></copy></copyHistory></DataProperties></Esri></metadata>
