<?xml version="1.0" encoding="UTF-8"?>
<metadata>
	<idinfo>
		<citation>
			<citeinfo>
				<origin>FEMA</origin>
				<origin>appended by Carson MacPherson-Krutsky</origin>
				<pubdate>20150619</pubdate>
				<title>FEMA Digital Insurance Rate Map with appended attributes</title>
				<geoform>Vector Digital Data Set (Polygon)</geoform>
				<lworkcit>
					<citeinfo>
						<origin>Carson MacPherson-Krutsky</origin>
						<origin>Rebecca Bendick (Advisor)</origin>
						<pubdate>20160418</pubdate>
						<title>HazardReady: a geographically based natural hazard education and preparedness web application</title>
						<geoform>Website</geoform>
						<pubinfo>
							<pubplace>Missoula</pubplace>
							<publish>University of Montana</publish>
						</pubinfo>
						<onlink>hazardready.org</onlink>
					</citeinfo>
				</lworkcit>
			</citeinfo>
		</citation>
		<descript>
			<abstract>This shapefile was modified from the original source for MissoulaReady. The only changes made from the FEMA DFIRM map for Missoula County were to simplify the attributes. This shapefile shows areas that are at risk of 100/500-year flooding in Missoula County.</abstract>
			<purpose>These data were appended for use in the MissoulaReady website. Those intending to use this data should contact the website developers before use to make sure a clear understanding of the data exist.</purpose>
		</descript>
		<timeperd>
			<timeinfo>
				<sngdate>
					<caldate>20150619</caldate>
				</sngdate>
			</timeinfo>
			<current>publication date</current>
		</timeperd>
		<status>
			<progress>Complete</progress>
			<update>As needed</update>
		</status>
		<spdom>
			<bounding>
				<westbc>-114.82955915</westbc>
				<eastbc>-113.267225662</eastbc>
				<northbc>47.622353263</northbc>
				<southbc>46.614183236</southbc>
			</bounding>
		</spdom>
		<keywords>
			<theme>
				<themekt>None</themekt>
				<themekey>Natural Hazard</themekey>
				<themekey>FEMA</themekey>
				<themekey>Floodplain</themekey>
				<themekey>HazardReady</themekey>
			</theme>
			<place>
				<placekt>None</placekt>
				<placekey>Montana</placekey>
				<placekey>Missoula</placekey>
			</place>
		</keywords>
		<accconst>None. Please see 'Distribution Info' for details.</accconst>
		<useconst>Please contact dataset creators before using.</useconst>
		<ptcontac>
			<cntinfo>
				<cntorgp>
					<cntorg>University of Montana</cntorg>
					<cntper>Carson MacPherson-Krutsky</cntper>
				</cntorgp>
				<cntpos>Graduate Student</cntpos>
				<cntaddr>
					<addrtype>Mailing</addrtype>
					<address>32 Campus Drive</address>
					<city>Missoula</city>
					<state>MT</state>
					<postal>59812</postal>
					<country>USA</country>
				</cntaddr>
				<cntvoice>206-832-7590</cntvoice>
				<cntemail>carsonmk@gmail.com</cntemail>
			</cntinfo>
		</ptcontac>
		<native>Environment as of Metadata Creation: Microsoft Windows 7 Version 6.1 (Build 7601) Service Pack 1; Esri ArcGIS 10.3 (Build 4322) Service Pack N/A (Build N/A)</native>
	</idinfo>
	<dataqual>
		<attracc>
			<attraccr>No accuracy tests were done by us, but Floodplain Mapping and Redelineation datasets are compiled in conjunction with the hardcopy FIRM and the final FIS report. The specifics of the hydrologic and hydraulic analyses performed are detailed in the FIS report. The results of these studies are submitted in digital format to FEMA. These data and unrevised data from effective FIRMs are compiled onto the base map used for DFIRM publication and checked for accuracy and compliance with FEMA standards.</attraccr>
		</attracc>
		<logic>Zone definitions and descriptions were modified from those found on the FEMA website</logic>
		<complete>Data set is considered complete for the information presented.</complete>
		<posacc>
			<horizpa>
				<horizpar>A formal accuracy assessment of the horizontal positional information in the data set has not been conducted.</horizpar>
			</horizpa>
			<vertacc>
				<vertaccr>A formal accuracy assessment of the vertical positional information in the data set has either not been conducted, or is not applicable.</vertaccr>
			</vertacc>
		</posacc>
		<lineage>
			<srcinfo>
				<srccite>
					<citeinfo>
						<origin>MT Dept of Natural Resources</origin>
						<pubdate>20150619</pubdate>
						<title>FLOODPLAIN, MISSOULA COUNTY, MONTANA, US</title>
						<geoform>Vector Digital Data Set</geoform>
						<pubinfo>
							<pubplace>Washington, DC</pubplace>
							<publish>Federal Emergency Management Agency</publish>
						</pubinfo>
						<onlink>http://hazards.fema.gov</onlink>
					</citeinfo>
				</srccite>
				<typesrc>Digital and/or Hardcopy Resources</typesrc>
				<srctime>
					<timeinfo>
						<sngdate>
							<caldate>20150619</caldate>
						</sngdate>
					</timeinfo>
					<srccurr>publication date</srccurr>
				</srctime>
				<srccitea>FEMA DFIRM 2015</srccitea>
				<srccontr>Source information used in support of the development of the data set.</srccontr>
			</srcinfo>
			<procstep>
				<procdesc>1) The FEMA DFIRM flood map for Missoula County was imported into ArcGIS. The attribute table was simplified to only include the FEMADES field (this is the lookup_val field for this layer)
2) To simplify layer the Dissolve tool can be used too.</procdesc>
				<procdate>20160212</procdate>
			</procstep>
		</lineage>
	</dataqual>
	<spdoinfo>
		<direct>Vector</direct>
		<ptvctinf>
			<sdtsterm>
				<sdtstype>G-polygon</sdtstype>
				<ptvctcnt>559</ptvctcnt>
			</sdtsterm>
		</ptvctinf>
	</spdoinfo>
	<spref>
		<horizsys>
			<planar>
				<gridsys>
					<gridsysn>State Plane Coordinate System 1983</gridsysn>
					<spcs>
						<spcszone>2500</spcszone>
						<lambertc>
							<stdparll>45.0</stdparll>
							<stdparll>49.0</stdparll>
							<longcm>-109.5</longcm>
							<latprjo>44.25</latprjo>
							<feast>600000.0</feast>
							<fnorth>0.0</fnorth>
						</lambertc>
					</spcs>
				</gridsys>
				<planci>
					<plance>coordinate pair</plance>
					<coordrep>
						<absres>0.6096</absres>
						<ordres>0.6096</ordres>
					</coordrep>
					<plandu>Meter</plandu>
				</planci>
			</planar>
			<geodetic>
				<horizdn>D_North_American_1983</horizdn>
				<ellips>GRS_1980</ellips>
				<semiaxis>6378137.0</semiaxis>
				<denflat>298.257222101</denflat>
			</geodetic>
		</horizsys>
	</spref>
	<eainfo>
		<detailed Name="FEMA_2015_DFIRM">
			<enttyp>
				<enttypl>Attribute Table</enttypl>
				<enttypd>Table containing attribute information associated with the data set.</enttypd>
				<enttypds>Producer defined</enttypds>
			</enttyp>
			<attr>
				<attrlabl>OBJECTID</attrlabl>
				<attrdef>Internal feature number.</attrdef>
				<attrdefs>Esri</attrdefs>
				<attrdomv>
					<rdom>
						<rdommin>1</rdommin>
						<rdommax>559</rdommax>
					</rdom>
				</attrdomv>
			</attr>
			<attr>
				<attrlabl>FLD_ZONE</attrlabl>
				<attrdef>See FEMADES attributes</attrdef>
				<attrdefs>Producer defined</attrdefs>
				<attrdomv>
					<edom>
						<edomv>0.2 PCT ANNUAL CHANCE FLOOD HAZARD</edomv>
						<edomvd>Unknown</edomvd>
						<edomvds>Producer defined</edomvds>
					</edom>
				</attrdomv>
				<attrdomv>
					<edom>
						<edomv>A</edomv>
						<edomvd>Unknown</edomvd>
						<edomvds>Producer defined</edomvds>
					</edom>
				</attrdomv>
				<attrdomv>
					<edom>
						<edomv>AE</edomv>
						<edomvd>Unknown</edomvd>
						<edomvds>Producer defined</edomvds>
					</edom>
				</attrdomv>
				<attrdomv>
					<edom>
						<edomv>AH</edomv>
						<edomvd>Unknown</edomvd>
						<edomvds>Producer defined</edomvds>
					</edom>
				</attrdomv>
				<attrdomv>
					<edom>
						<edomv>AO</edomv>
						<edomvd>Unknown</edomvd>
						<edomvds>Producer defined</edomvds>
					</edom>
				</attrdomv>
				<attrdomv>
					<edom>
						<edomv>AREA NOT INCLUDED</edomv>
						<edomvd>Unknown</edomvd>
						<edomvds>Producer defined</edomvds>
					</edom>
				</attrdomv>
				<attrdomv>
					<edom>
						<edomv>D</edomv>
						<edomvd>Unknown</edomvd>
						<edomvds>Producer defined</edomvds>
					</edom>
				</attrdomv>
				<attrdomv>
					<edom>
						<edomv>X</edomv>
						<edomvd>Unknown</edomvd>
						<edomvds>Producer defined</edomvds>
					</edom>
				</attrdomv>
				<attrdomv>
					<edom>
						<edomv>X PROTECTED BY LEVEE</edomv>
						<edomvd>Unknown</edomvd>
						<edomvds>Producer defined</edomvds>
					</edom>
				</attrdomv>
			</attr>
			<attr>
				<attrlabl>FEMADES</attrlabl>
				<attrdef>These attributes are used as lookup values to be paired with text for the MissoulaReady website</attrdef>
				<attrdefs>Producer defined</attrdefs>
				<attrdomv>
					<edom>
						<edomv>A</edomv>
						<edomvd>Areas subject to inundation by the 1-percent-annual-chance flood event generally determined using approximate methodologies. Because detailed hydraulic analyses have not been performed, no Base Flood Elevations (BFEs) or flood depths are shown. Mandatory flood insurance purchase requirements and floodplain management standards apply.</edomvd>
						<edomvds>Producer defined</edomvds>
					</edom>
				</attrdomv>
				<attrdomv>
					<edom>
						<edomv>AE</edomv>
						<edomvd>Areas subject to inundation by the 1-percent-annual-chance flood event determined by detailed methods. Base Flood Elevations (BFEs) are shown. Mandatory flood insurance purchase requirements and floodplain management standards apply.</edomvd>
						<edomvds>Producer defined</edomvds>
					</edom>
				</attrdomv>
				<attrdomv>
					<edom>
						<edomv>AE FLOODWAY</edomv>
						<edomvd>Areas subject to inundation by the 1-percent-annual-chance flood event</edomvd>
						<edomvds>Producer defined</edomvds>
					</edom>
				</attrdomv>
				<attrdomv>
					<edom>
						<edomv>AH</edomv>
						<edomvd>Areas subject to inundation by 1-percent-annual-chance shallow flooding (usually areas of ponding) where average depths are between one and three feet. Base Flood Elevations (BFEs) derived from detailed hydraulic analyses are shown in this zone. Mandatory flood insurance purchase requirements and floodplain management standards apply.</edomvd>
						<edomvds>Producer defined</edomvds>
					</edom>
				</attrdomv>
				<attrdomv>
					<edom>
						<edomv>AO</edomv>
						<edomvd>Areas subject to inundation by 1-percent-annual-chance shallow flooding (usually sheet flow on sloping terrain) where average depths are between one and three feet. Average flood depths derived from detailed hydraulic analyses are shown in this zone. Mandatory flood insurance purchase requirements and floodplain management standards apply.</edomvd>
						<edomvds>Producer defined</edomvds>
					</edom>
				</attrdomv>
				<attrdomv>
					<edom>
						<edomv>AREA NOT INCLUDED</edomv>
						<edomvd>Area not included</edomvd>
						<edomvds>Producer defined</edomvds>
					</edom>
				</attrdomv>
				<attrdomv>
					<edom>
						<edomv>D</edomv>
						<edomvd>No map has been prepared</edomvd>
						<edomvds>Producer defined</edomvds>
					</edom>
				</attrdomv>
				<attrdomv>
					<edom>
						<edomv>SHADED X</edomv>
						<edomvd>Area of moderate flood hazard. This flood risk is reduced, but not removed. Flood insurance is not required in this zone, but is available and local floodplain development codes may apply.</edomvd>
						<edomvds>Producer defined</edomvds>
					</edom>
				</attrdomv>
				<attrdomv>
					<edom>
						<edomv>X</edomv>
						<edomvd>These properties are outside the high‐risk zones. This flood risk is reduced,
but not removed. Flood insurance is not required in this zone, but is available and local floodplain development codes may apply.</edomvd>
						<edomvds>Producer defined</edomvds>
					</edom>
				</attrdomv>
				<attrdomv>
					<edom>
						<edomv>X PROTECTED BY LEVEE</edomv>
						<edomvd>protected zone</edomvd>
						<edomvds>Producer defined</edomvds>
					</edom>
				</attrdomv>
			</attr>
			<attr>
				<attrlabl>Zone_Descr</attrlabl>
				<attrdef>The text that explains in general terms what each field means.</attrdef>
				<attrdefs>Producer defined</attrdefs>
				<attrdomv>
					<edom>
						<edomv>It is unlikely that you will see flooding in your area</edomv>
						<edomvd>This is a description of what it means to be in each zone</edomvd>
						<edomvds>Producer defined</edomvds>
					</edom>
				</attrdomv>
				<attrdomv>
					<edom>
						<edomv>No information is available for flooding in this area</edomv>
						<edomvd>Unknown</edomvd>
						<edomvds>Producer defined</edomvds>
					</edom>
				</attrdomv>
				<attrdomv>
					<edom>
						<edomv>This area is protected from flooding by a levee</edomv>
						<edomvd>Unknown</edomvd>
						<edomvds>Producer defined</edomvds>
					</edom>
				</attrdomv>
				<attrdomv>
					<edom>
						<edomv>This is within an area that is likely to flood at least once in the next 10 years. This is highly dependent on the amount of snow and temperatures. Springtime in Missoula is the time to be flood aware.</edomv>
						<edomvd>Unknown</edomvd>
						<edomvds>Producer defined</edomvds>
					</edom>
				</attrdomv>
				<attrdomv>
					<edom>
						<edomv>This is within and area that is likely to flood once in the next ten years. This is highly dependent on the amount of snow and speed at which it melts</edomv>
						<edomvd>Unknown</edomvd>
						<edomvds>Producer defined</edomvds>
					</edom>
				</attrdomv>
				<attrdomv>
					<edom>
						<edomv>This is within and area that is likely to flood once in the next ten years. This is highly dependent on the amount of snow and speed at which it melts. The water level is between 0 and 3 feet deep</edomv>
						<edomvd>Unknown</edomvd>
						<edomvds>Producer defined</edomvds>
					</edom>
				</attrdomv>
				<attrdomv>
					<edom>
						<edomv>This is within and area that is likely to flood once in the next ten years. This is highly dependent on the amount of snow and speed at which it melts. Water will begin pooling in this area and be between 1 and 3 feet deep</edomv>
						<edomvd>Unknown</edomvd>
						<edomvds>Producer defined</edomvds>
					</edom>
				</attrdomv>
			</attr>
		</detailed>
	</eainfo>
	<distinfo>
		<distrib>
			<cntinfo>
				<cntorgp>
					<cntorg>University of Montana</cntorg>
					<cntper>Carson MacPherson-Krutsky</cntper>
				</cntorgp>
				<cntpos>Graduate Student</cntpos>
				<cntaddr>
					<addrtype>Mailing</addrtype>
					<address>32 Campus Drive</address>
					<city>Missoula</city>
					<state>MT</state>
					<postal>59812</postal>
					<country>USA</country>
				</cntaddr>
				<cntvoice>206-832-7590</cntvoice>
				<cntemail>carsonmk@gmail.com</cntemail>
			</cntinfo>
		</distrib>
		<distliab>Distributor assumes no liability for misuse of data. This dataset was built off of existing information the FEMA DFIRM floodplain map. It should only be used for the MissoulaReady website.</distliab>
		<stdorder>
			<digform>
				<digtinfo>
					<formname>Vector Digital Data Set (Polygon)</formname>
				</digtinfo>
				<digtopt>
					<onlinopt>
						<computer>
							<networka>
								<networkr>https://github.com/missoula-ready/disaster-preparedness</networkr>
							</networka>
						</computer>
					</onlinopt>
				</digtopt>
			</digform>
			<fees>None. No fees are applicable for obtaining the data set.</fees>
		</stdorder>
	</distinfo>
	<metainfo>
		<metd>20160720</metd>
		<metc>
			<cntinfo>
				<cntperp>
					<cntper>Carson MacPherson-Krutsky</cntper>
					<cntorg>University of Montana</cntorg>
				</cntperp>
				<cntpos>Graduate Student</cntpos>
				<cntaddr>
					<addrtype>Mailing</addrtype>
					<address>32 Campus Drive</address>
					<city>Missoula</city>
					<state>MT</state>
					<postal>59812</postal>
					<country>USA</country>
				</cntaddr>
				<cntvoice>206-832-7590</cntvoice>
				<cntemail>carsonmk@gmail.com</cntemail>
			</cntinfo>
		</metc>
		<metstdn>FGDC Content Standard for Digital Geospatial Metadata</metstdn>
		<metstdv>FGDC-STD-001-1998</metstdv>
	</metainfo>
	<Esri><DataProperties><itemProps><itemLocation><linkage Sync="TRUE">file://\\CARSONVM\C$\Users\Carson\Desktop\MissoulaReady\Metadata\Flood_FEMA_DFRIM_2015_FGDC (1)</linkage><protocol Sync="TRUE">Local Area Network</protocol></itemLocation></itemProps><copyHistory><copy source="C:\Users\Carson\Desktop\MissoulaReady\Metadata\Flood_FEMA_DFRIM_2015_FGDC" dest="\\CARSONVM\C$\Users\Carson\Desktop\MissoulaReady\Metadata\Flood_FEMA_DFRIM_2015_FGDC (1)" date="20160720" time="16270200"></copy></copyHistory></DataProperties></Esri></metadata>
