<?xml version="1.0" encoding="UTF-8"?>
<metadata>
	<idinfo>
		<citation>
			<citeinfo>
				<origin>Carson MacPherson-Krutsky</origin>
				<pubdate>20160216</pubdate>
				<title>Simplistic landslide susceptibility map for Missoula County based on slope, landcover, and soil</title>
				<geoform>Vector Digital Data Set (Polygon)</geoform>
				<onlink>https://github.com/missoula-ready/disaster-preparedness</onlink>
				<lworkcit>
					<citeinfo>
						<origin>Carson MacPherson-Krutsky</origin>
						<origin>Rebecca Bendick (advisor)</origin>
						<pubdate>20160418</pubdate>
						<title>HazardReady: a geographically based natural hazard education and preparedness web application</title>
						<geoform>Website</geoform>
						<pubinfo>
							<pubplace>Missoula</pubplace>
							<publish>University of Montana</publish>
						</pubinfo>
						<onlink>hazardready.org</onlink>
					</citeinfo>
				</lworkcit>
			</citeinfo>
		</citation>
		<descript>
			<abstract>This shapefile was created for MissoulaReady. The purpose of this shapefile is to show zones of low, moderate, and high susceptibility to landslide given key factors. Missoula County has no comprehensive data. The key factors that have been found to influence land-sliding include, but are not limited to, slope, soil, land cover, rainfall, vegetation, aspect, elevation, etc.  The three factors that had available data for Missoula County were slope (from DEM), soil, and landcover and this dataset is based off of those.</abstract>
			<purpose>Appropriate use of the data is with the MissoulaReady online product. Please contact creator before use.</purpose>
		</descript>
		<timeperd>
			<timeinfo>
				<sngdate>
					<caldate>20160216</caldate>
				</sngdate>
			</timeinfo>
			<current>publication date</current>
		</timeperd>
		<status>
			<progress>Complete</progress>
			<update>As needed</update>
		</status>
		<spdom>
			<bounding>
				<westbc>-114.829354553</westbc>
				<eastbc>-113.267266235</eastbc>
				<northbc>47.622037697</northbc>
				<southbc>46.614157274</southbc>
			</bounding>
		</spdom>
		<keywords>
			<theme>
				<themekt>None</themekt>
				<themekey>Landslide</themekey>
				<themekey>Susceptibility</themekey>
				<themekey>Hazards</themekey>
				<themekey>Slope</themekey>
				<themekey>Landcover</themekey>
				<themekey>Soil</themekey>
			</theme>
			<place>
				<placekt>None</placekt>
				<placekey>Missoula</placekey>
				<placekey>Montana</placekey>
			</place>
		</keywords>
		<accconst>None. Please see 'Distribution Info' for details.</accconst>
		<useconst>Contact metadata creator before use.</useconst>
		<ptcontac>
			<cntinfo>
				<cntorgp>
					<cntorg>University of Montana</cntorg>
					<cntper>Carson MacPherson-Krutsky</cntper>
				</cntorgp>
				<cntpos>Graduate Student</cntpos>
				<cntaddr>
					<addrtype>Mailing</addrtype>
					<address>32 Campus Drive</address>
					<city>Missoula</city>
					<state>MT</state>
					<postal>59812</postal>
					<country>USA</country>
				</cntaddr>
				<cntvoice>206-832-7590</cntvoice>
				<cntemail>carsonmk@gmail.com</cntemail>
			</cntinfo>
		</ptcontac>
		<datacred>SSURGO database (soil information), USGS National Digital Elevation Dataset (DEM-Slope), MT Land Cover Framework (Landcover)</datacred>
		<native>Environment as of Metadata Creation: Microsoft Windows 7 Version 6.1 (Build 7601) Service Pack 1; Esri ArcGIS 10.3 (Build 4322) Service Pack N/A (Build N/A)</native>
	</idinfo>
	<dataqual>
		<attracc>
			<attraccr>No formal attribute accuracy tests were conducted.</attraccr>
		</attracc>
		<logic>No formal logical accuracy tests were conducted.</logic>
		<complete>Data set is considered complete for the information presented, as described in the abstract. Users are advised to read the rest of the metadata record carefully for additional details.</complete>
		<posacc>
			<horizpa>
				<horizpar>A formal accuracy assessment of the horizontal positional information in the data set has not been conducted.</horizpar>
			</horizpa>
			<vertacc>
				<vertaccr>A formal accuracy assessment of the vertical positional information in the data set has either not been conducted, or is not applicable.</vertaccr>
			</vertacc>
		</posacc>
		<lineage>
			<srcinfo>
				<srccite>
					<citeinfo>
						<origin>U.S. Geological Survey</origin>
						<pubdate>20130101</pubdate>
						<title>USGS National Elevation Dataset (n47w115), (n47w114), (n48w114), (n48w115) 1/3 arc-second 2013 1 x 1 degree ArcGrid</title>
						<geoform>Raster Digital Data Set</geoform>
						<pubinfo>
							<pubplace>Reston, VA</pubplace>
							<publish>USGS</publish>
						</pubinfo>
						<onlink>http://nationalmap.gov/viewer.html</onlink>
						<onlink>http://ned.usgs.gov/</onlink>
					</citeinfo>
				</srccite>
				<typesrc>Digital and/or Hardcopy Resources</typesrc>
				<srctime>
					<timeinfo>
						<sngdate>
							<caldate>20130101</caldate>
						</sngdate>
					</timeinfo>
					<srccurr>publication date</srccurr>
				</srctime>
				<srccitea>Missoula County DEM</srccitea>
				<srccontr>Combined four DEM tiles to create slope shapefile</srccontr>
			</srcinfo>
			<srcinfo>
				<srccite>
					<citeinfo>
						<origin>U.S. Department of Agriculture, Natural Resources Conservation Service</origin>
						<pubdate>20131211</pubdate>
						<title>Soil Survey Geographic (SSURGO) Database for; Bob Marshall Wilderness Area, Missoula County Area, Flathead Indian Reservation Wilderness Area,Lolo National Forest Area, Bitterroot National Forest Area, Montana</title>
						<geoform>Vector Digital Data Set</geoform>
						<pubinfo>
							<pubplace>Fort Worth, TX</pubplace>
							<publish>U.S. Department of Agriculture, Natural Resources Conservation Service</publish>
						</pubinfo>
						<onlink>http://websoilsurvey.nrcs.usda.gov</onlink>
					</citeinfo>
				</srccite>
				<typesrc>Digital and/or Hardcopy Resources</typesrc>
				<srctime>
					<timeinfo>
						<rngdates>
							<begdate>20131211</begdate>
							<enddate>20140903</enddate>
						</rngdates>
					</timeinfo>
					<srccurr>publication date</srccurr>
				</srctime>
				<srccitea>MT603, MT606, MT633, MT638, MT647</srccitea>
				<srccontr>Layers were combined to form soil layer for Missoula County</srccontr>
			</srcinfo>
			<srcinfo>
				<srccite>
					<citeinfo>
						<origin>Montana Natural Heritage Program, University of Idaho-Sanborn</origin>
						<pubdate>20130501</pubdate>
						<title>Montana Land Cover Framework 2013</title>
						<geoform>Raster Digital Data Set</geoform>
						<pubinfo>
							<pubplace>MT GIS Portal</pubplace>
							<publish>Natural Resource Information System</publish>
						</pubinfo>
						<onlink>https://mslservices.mt.gov/Geographic_Information/Data/DataList/datalist_Details?did=%7B1C91607B-A788-4B23-B1BA-53EED2842D03%7D</onlink>
					</citeinfo>
				</srccite>
				<typesrc>Digital and/or Hardcopy Resources</typesrc>
				<srctime>
					<timeinfo>
						<sngdate>
							<caldate>20130501</caldate>
						</sngdate>
					</timeinfo>
					<srccurr>publication date</srccurr>
				</srctime>
				<srccitea>Landcover</srccitea>
				<srccontr>Source information used as support for final shapefile</srccontr>
			</srcinfo>
			<srcinfo>
				<srccite>
					<citeinfo>
						<origin>Meghan Burns</origin>
						<pubdate>20151025</pubdate>
						<title>Missoula County Boundary</title>
						<geoform>Vector Digital Data Set</geoform>
						<pubinfo>
							<pubplace>Helena, MT</pubplace>
							<publish>Montana State Library</publish>
						</pubinfo>
						<onlink>http://giscoordination.mt.gov/data.asp</onlink>
					</citeinfo>
				</srccite>
				<typesrc>Digital and/or Hardcopy Resources</typesrc>
				<srctime>
					<timeinfo>
						<sngdate>
							<caldate>20151025</caldate>
						</sngdate>
					</timeinfo>
					<srccurr>publication date</srccurr>
				</srctime>
				<srccitea>Missoula Cnty Bound</srccitea>
				<srccontr>Source information used in support of the development of the data set.</srccontr>
			</srcinfo>
			<procstep>
				<procdesc>1) To create this layer slope, soil, and land cover datasets get resampled and multiplied together. The multiplication of these factors creates zones with higher and lower values that represent more or less susceptibility of landslide. 
2) SLOPE: To create the slope layer four Digital Elevation Model tiles were downloaded from the USGS National Elevation Dataset (n47w114, n47w115, n48w114, n48w115). The four datasets were stitched together using the Combine tool, DEM Combine.
3) The Clip tool was used on the DEM_Combine with the Missoula_Cnty_Boundary and “Use input features for Clipping Geometry” was checked
4) The Slope tool was run on DEM_Combine with outputmeasurement set to degree, Slope_DEM_co.
5) The Reclassify tool was used on Slope_DEM_co to divide the raster into 4 susceptibility zones. Based on previous research on which slope angles contribute most to landslides the values were reclassified into four categories and assigned values between 0 and 100. 0 being a low contribution and 100 being high contribution.  0-20° = 0, 20-30° = 33, 30-40° = 1, &gt;40° = 66, Slope_reclass. 
6) To remove the slopes that do not contribute the Extract by Attributes tool is used on Slope_reclass with the query set to “Value &gt;= 33,” Extract_slope. The shapefile now has only vales of 33, 66, and 100.
7) SOIL: The soil information came from the SSURGO soil dataset and was sourced from five different shapefiles mt603, mt606, mt638, and mt647. These shapefiles were merged and clipped to the county boundary, soil_merge and attributes were simplified so all muname attributes were in the same column.
8) A field was added to soil_merge called “landslide_value.” The data were then classified into Binary values -1, 0, 1 (-1 = no soil data, 0=mostly rock and not soil, 1=soil), soil_boolean.  -1 was assigned to keep track of areas without soil data as the layers were multiplied. They were classified based on descriptions under “muname” field and any with water, rocky, outcrop, and cliff, or related words were considered not soil.
9) The Polygon to Raster tool was used on soil_boolean with value field set to “landslide_value”, cell assignment type to Cell_Center, priority field to none and cell size to 1, soil_bool_raster.
10) LANDCOVER: The landcover_2013 raster was clipped to the Missoula County Boundary.
11) A field, “landslide_value” was added to the landcover_2013 raster attribute table. The LEVEL1 field was used to categorize the areas from 0 to 100, not contributing to contributing to landslide, respectively. 
&gt;Open Water and Riparian Vegetation=0,
&gt;Human Land Use=	0, 14 (if other roads, quarries/gravel pits),
&gt;Alpine Systems= 29, 0 (if barren),
&gt;Forest and Woodland Systems= 43,
&gt;Shrubland, steppe and savannah systems= 57,
&gt;Grassland Systems	= 71,
&gt;Sparse or Barren Systems= 85, 0 (if talus),
&gt;Recently Disturbed or Modified= 100, 85 (if introduced vegetation)
12) The Raster Reclassify tool was used and landslide_value numbers were transposed to the new value column, landslide_reclass.
13) Landslide_reclass now should only have a value column with numbers between 0 and 100. 
14) In order to do raster multiplication the rasters must all have only three fields, OBJECTID, Value, and Count. The multiplication is done on the value field.
15)  The rasters are then multiplied together using Raster Calculator as shown here:  [(slope)(33,66,100)] × [(Soil)(1,0,-1)]× [(Landcover)0,14,29,43,57,71,85,100)]
16) Resulting raster values ranged from -10,000 to 10,000. All negative values represented areas without soil data so the only factors contributing are landcover and slope, slope_soil_land_rast.
17) The slope_soil_land_raster was then reclassified into  lookup_values 1-6. 
(Raster Values)--Lookup value/reclass value--&lt;Qualitative Rank&gt;,
(10,000-5025.6)--3--&lt;HI&gt;,
(5025.6-2512.2)--2--&lt;MED&gt;,
(2512.2-0)--1--&lt;LO&gt;,
(-2512.6-0)--4--&lt;LO (landco and slope)&gt;,
(-5025.2--2516.2)--5--&lt;MED (landco and slope)&gt;,
(-10,000--5025.2)--6--&lt;HI (landco and slope)&gt;,
18) The Raster to Polygon tool was then used to convert the raster to vector form.</procdesc>
				<procdate>20160222</procdate>
			</procstep>
		</lineage>
	</dataqual>
	<spdoinfo>
		<direct>Vector</direct>
		<ptvctinf>
			<sdtsterm>
				<sdtstype>G-polygon</sdtstype>
				<ptvctcnt>6</ptvctcnt>
			</sdtsterm>
		</ptvctinf>
	</spdoinfo>
	<spref>
		<horizsys>
			<planar>
				<gridsys>
					<gridsysn>State Plane Coordinate System 1983</gridsysn>
					<spcs>
						<spcszone>2500</spcszone>
						<lambertc>
							<stdparll>45.0</stdparll>
							<stdparll>49.0</stdparll>
							<longcm>-109.5</longcm>
							<latprjo>44.25</latprjo>
							<feast>600000.0</feast>
							<fnorth>0.0</fnorth>
						</lambertc>
					</spcs>
				</gridsys>
				<planci>
					<plance>coordinate pair</plance>
					<coordrep>
						<absres>0.6096</absres>
						<ordres>0.6096</ordres>
					</coordrep>
					<plandu>Meter</plandu>
				</planci>
			</planar>
			<geodetic>
				<horizdn>D_North_American_1983</horizdn>
				<ellips>GRS_1980</ellips>
				<semiaxis>6378137.0</semiaxis>
				<denflat>298.257222101</denflat>
			</geodetic>
		</horizsys>
	</spref>
	<eainfo>
		<detailed Name="Slo_Soi_Lan_poly_stdev_Disso">
			<enttyp>
				<enttypl>Attribute Table</enttypl>
				<enttypd>Table containing attribute information associated with the data set.</enttypd>
				<enttypds>Producer defined</enttypds>
			</enttyp>
			<attr>
				<attrlabl>OBJECTID</attrlabl>
				<attrdef>Internal feature number.</attrdef>
				<attrdefs>Esri</attrdefs>
				<attrdomv>
					<rdom>
						<rdommin>1</rdommin>
						<rdommax>6</rdommax>
					</rdom>
				</attrdomv>
			</attr>
			<attr>
				<attrlabl>gridcode</attrlabl>
				<attrdefs>Producer defined</attrdefs>
				<attrdomv>
					<rdom>
						<rdommin>-3</rdommin>
						<rdommax>3</rdommax>
					</rdom>
				</attrdomv>
			</attr>
			<attr>
				<attrlabl>Shape_Leng</attrlabl>
				<attrdef>Unknown</attrdef>
				<attrdefs>Producer defined</attrdefs>
				<attrdomv>
					<rdom>
						<rdommin>2196983.65957</rdommin>
						<rdommax>39143450.5942</rdommax>
					</rdom>
				</attrdomv>
			</attr>
			<attr>
				<attrlabl>Shape_Area</attrlabl>
				<attrdef>Area of feature in internal units squared.</attrdef>
				<attrdefs>Esri</attrdefs>
				<attrdomv>
					<rdom>
						<rdommin>30448483.7138</rdommin>
						<rdommax>5519496680.35</rdommax>
					</rdom>
				</attrdomv>
			</attr>
			<attr>
				<attrlabl>lookup_val</attrlabl>
				<attrdef>Value used to match with text for MissoulaReady website</attrdef>
				<attrdefs>Producer defined</attrdefs>
				<attrdomv>
					<edom>
						<edomv>1</edomv>
						<edomvd>Low landslide susceptibility</edomvd>
						<edomvds>Producer defined</edomvds>
					</edom>
				</attrdomv>
				<attrdomv>
					<edom>
						<edomv>2</edomv>
						<edomvd>Moderate landslide susceptibility</edomvd>
						<edomvds>Producer defined</edomvds>
					</edom>
				</attrdomv>
				<attrdomv>
					<edom>
						<edomv>3</edomv>
						<edomvd>High landslide susceptibility</edomvd>
						<edomvds>Producer defined</edomvds>
					</edom>
				</attrdomv>
				<attrdomv>
					<edom>
						<edomv>4</edomv>
						<edomvd>Low landslide susceptibility</edomvd>
						<edomvds>Producer defined</edomvds>
					</edom>
				</attrdomv>
				<attrdomv>
					<edom>
						<edomv>5</edomv>
						<edomvd>Moderate landslide susceptibility</edomvd>
						<edomvds>Producer defined</edomvds>
					</edom>
				</attrdomv>
				<attrdomv>
					<edom>
						<edomv>6</edomv>
						<edomvd>High landslide susceptibility</edomvd>
						<edomvds>Producer defined</edomvds>
					</edom>
				</attrdomv>
			</attr>
		</detailed>
		<overview>
			<eaover>The entity and attribute information provided here describes the tabular data associated with the data set. Please review the detailed descriptions that are provided (the individual attribute descriptions) for information on the values that appear as fields/table entries of the data set.</eaover>
			<eadetcit>The entity and attribute information was generated by the individual and/or agency identified as the originator of the data set. Please review the rest of the metadata record for additional details and information.</eadetcit>
		</overview>
	</eainfo>
	<distinfo>
		<distrib>
			<cntinfo>
				<cntorgp>
					<cntorg>University of Montana</cntorg>
					<cntper>Carson MacPherson-Krutsky</cntper>
				</cntorgp>
				<cntpos>Graduate Student</cntpos>
				<cntaddr>
					<addrtype>Mailing</addrtype>
					<address>32 Campus Drive</address>
					<city>Missoula</city>
					<state>MT</state>
					<postal>59812</postal>
					<country>USA</country>
				</cntaddr>
				<cntvoice>206-832-7590</cntvoice>
				<cntemail>carsonmk@gmail.com</cntemail>
			</cntinfo>
		</distrib>
		<distliab>Distributor assumes no liability for misuse of data.</distliab>
		<stdorder>
			<digform>
				<digtinfo>
					<formname>Vector Digital Data Set (Polygon)</formname>
				</digtinfo>
				<digtopt>
					<onlinopt>
						<computer>
							<networka>
								<networkr>https://github.com/missoula-ready/disaster-preparedness</networkr>
							</networka>
						</computer>
					</onlinopt>
				</digtopt>
			</digform>
			<fees>None. No fees are applicable for obtaining the data set.</fees>
		</stdorder>
	</distinfo>
	<metainfo>
		<metd>20160722</metd>
		<metc>
			<cntinfo>
				<cntperp>
					<cntper>Carson MacPherson-Krutsky</cntper>
					<cntorg>University of Montana</cntorg>
				</cntperp>
				<cntpos>Graduate Student</cntpos>
				<cntaddr>
					<addrtype>Mailing</addrtype>
					<address>32 Campus Drive</address>
					<city>Missoula</city>
					<state>MT</state>
					<postal>59812</postal>
					<country>USA</country>
				</cntaddr>
				<cntvoice>206-832-7590</cntvoice>
				<cntemail>carsonmk@gmail.com</cntemail>
			</cntinfo>
		</metc>
		<metstdn>FGDC Content Standard for Digital Geospatial Metadata</metstdn>
		<metstdv>FGDC-STD-001-1998</metstdv>
	</metainfo>
	<Esri><DataProperties><itemProps><itemLocation><linkage Sync="TRUE">file://\\CARSONVM\C$\Users\Carson\Desktop\MissoulaReady\Metadata\Landslide_placeholder2_FGDC</linkage><protocol Sync="TRUE">Local Area Network</protocol></itemLocation></itemProps><copyHistory><copy source="C:\Users\Carson\Desktop\MissoulaReady\Metadata\Landslide_placeholder2\Landslide_placeholder2_FGDC" dest="\\CARSONVM\C$\Users\Carson\Desktop\MissoulaReady\Metadata\Landslide_placeholder2_FGDC" date="20160722" time="17023300"></copy></copyHistory></DataProperties></Esri></metadata>
